bees,-3.3962014386791846,-0.17022650471415438
couture,-0.485404496118101,-1.6958763390161733
enemy,-5.102887992616857,2.6986800097218677
fillip,0.06556759853836203,-1.7093770022278885
flute,-0.258977933984734,0.3965669343436038
friendlies,-0.061505478466166066,-1.1663938012910582
designer,2.779722513509353,-0.6191703987082519
impressed,-1.4420449529026929,0.5320483109188301
speculations,1.1622526882768034,-2.0219183771442477
faction,-0.807719836966621,0.3021365957719939
hie,-1.4006720007124462,-0.9526488611142707
graduate,-2.411442056237533,-3.8986312708158857
breeze,-1.3467372832126403,-2.400293874842812
reviving,0.09553130030953477,-1.169122807807978
michelin,0.1314214135173643,-1.5707333605451763
obote,-1.2202257220609611,2.921425046465445
ballpark,0.3106073066857552,-1.4407066888958082
meatballs,-0.858764183936651,-1.504395258809285
colleague,0.6793484361898205,-0.5218358257152468
iwoman,0.025983674718535535,-0.7326645259439396
nina,-3.1298357631858074,-3.719005662178611
dawned,-0.5954281564865564,-0.8519390330800726
dashed,-1.1649909658546442,-2.487530225562694
tosser,-0.11589967753471023,-0.977816903739653
fay,5.089220609661206,-2.937299573893189
marcella,-0.3647603247507666,-1.4553994391101936
mobile,4.930155233046115,1.2194979886347468
vegetarians,-0.2502342403244453,-1.7847949477440885
macaroni,-0.9259439037906054,-0.6403492503964443
coups,-1.4135463316239736,-0.8138592444676815
population,-5.919981332693614,-0.19807722083432266
squander,0.1183083907681434,-1.4124414778776162
assistant,-3.1758657898178586,-2.1451749590124916
jaya,9.02369977359537,8.151869928519353
lifts,-10.932968917816677,-7.046223434158087
corps,-1.1778542824750498,4.6299800714632315
aftermath,-1.399311602239272,-0.9316557612868279
suggests,5.9160444660232026,1.5597136584727707
gazettes,0.11830838585941758,-1.4124414788332458
funk,-0.0012021230542955126,-1.6538262756871527
railmen,-5.669766097058351,-4.201983978159968
coldest,-0.5954281564865566,-0.8519390330800718
complains,-0.5065189459370593,-2.1654498446155896
staking,0.2896853686240592,-1.2365840927172234
nudists,0.38636420021047685,-0.15896715410659065
upcoming,0.18861375282700688,-1.0276239639723803
natives,-0.6880157304260609,-1.2112826714492755
vintage,-0.6412786884922738,0.864092719293435
desire,1.238407133736337,0.471931454090707
agitates,-0.5395557669989912,-0.6608805122524399
bonded,0.6073236047799635,-0.3973593576255307
heist,2.0390086770930647,-0.9704952993728865
insurer,0.13142141351734477,-1.5707333605451685
innerspace,-0.2841925679846413,-0.40113919593244696
polytechnics,0.9997958526339338,-2.1890685168268442
honey,0.786082482368671,-0.09671818774832834
thatshaw,-0.7950085825320494,-1.3808369087594
keglers,0.4180632821529503,-1.2878031306838695
cambodia,-29.999004294873277,-15.253142376537737
splashed,0.7670095500659632,-1.3303495460146677
tourism,-1.0452567908101456,9.52792513326432
aboriginals,-0.15336687443239513,-0.3633836570681865
huff,-0.3584991822549268,0.053958703573265855
adolfo,0.025983674718536597,-0.7326645259439387
islandin,-0.07015755431303888,-1.5318649843845933
measles,0.3882164689644001,0.5438307596863585
terrorisa,0.3491510835996379,-0.8675437946725305
klse,1.9799989529910054,-4.520042733290428
write,-4.803060922693393,-3.2109443704306355
undeterred,-0.15341657347531457,-2.170622465247509
stockpiles,0.0655675985390093,-1.7093770022274963
daniel,0.3106073044145674,-1.440706689032622
knows,2.5142290802598795,-2.822307981077096
shaky,-0.5435575467146236,-0.01584532798566909
unhealthy,1.5929051776285597,-2.443818292043687
perrett,-0.9217589924263666,-1.0708703313257377
cheong,-0.5401815481163116,-8.984508232077818
kajaratnam,-0.15336687443239194,-0.36338365706818176
afghan,-7.220179496107885,-3.442686053295328
maternity,-0.3850341061065449,-2.7408860108542368
trustee,0.2908586424065372,-1.5310188491125691
rang,-0.5591587398993272,-2.1630916299795078
toypistol,-0.9217589924263642,-1.0708703313257353
stun,0.41434098467688457,-0.1793719037747527
hague,0.3100758116646201,-1.980470186158166
vu,-1.6984844344853471,-1.3835878119615057
gordon,1.0455288699546932,0.7068106620935819
walls,-1.074241895042172,-2.597389097748786
rewards,-2.7601139353584094,2.392576534648072
biondi,-0.10799127558053923,-1.389865391194242
sponsorship,0.8480709310533636,-1.3242825312252866
kenyan,0.33031092477310087,-1.0440730967366436
terrified,-0.5954281564865577,-0.8519390330800742
queue,-1.435785300602966,5.415828191930131
liem,-1.4150692960386426,-1.1662391657169309
uni,0.6275979111902934,-1.7502882021824206
insult,-4.949765686272585,-2.0123859033968836
salesgirls,-1.0339503265512893,-1.2461045579675003
tie,4.695301257907362,0.2679195094629334
rajamani,1.3911538867164326,-0.629546421599043
actor,0.8252339228927751,5.428141604607822
hussain,-1.4485363208337994,-1.0217523003529818
linchpin,-0.2841925679846418,-0.40113919593244696
attended,-1.0841451007355498,-1.8915018483102084
loaves,0.34915108359963853,-0.8675437946725303
jos,0.20591587105016448,-2.7370585112180947
sanyo,0.1132191478440475,-0.4358697955979292
vicom,-0.9171794309859581,-0.9130263807394557
heardanders,-0.0012509412571947982,-1.65389778568457
coarse,-0.921758992426365,-1.0708703313257357
afdsf,0.4422669467962013,-1.0201464999655108
overdue,0.5802406738550644,-0.3868841884293618
sacrificing,0.44226694679620127,-1.0201464999654983
bored,-0.39015320954874666,-3.199748433099728
visit,121.43125960418128,30.407832593466217
genghiz,-0.31966331400792614,-0.8922023391756579
minutes,-12.760396105029132,3.860059870849644
lifelines,0.41806328215294924,-1.2878031306838702
disqualifies,-0.7079157662778025,-1.663975671324876
lick,-1.1875471731068956,0.3948197820464801
sli,7.830844035217422,5.171247176279288
brakes,-1.6676678501802131,-0.4979767101948509
poured,-0.10716122948349495,-1.389530272688789
martha,-1.4094919081757027,-0.11191372824232702
fundamentals,-1.0564055325643023,-0.24653560520853982
cluster,1.3806972628881438,-1.370643201048293
lowering,0.8161631329589976,-1.3808416752340438
tempers,-1.0033304194066295,-0.18490297451893076
bibles,-1.4579893358427236,-1.0867916060655816
corregidor,0.19024566919394495,-0.7860986645251877
jiimieht,-1.033950326551289,-1.2461045579675005
famed,-0.036278705625435274,-2.144481113960518
pawning,-0.07015722122156197,-1.5318658159590854
blade,-0.5448095920503436,-2.4707761033273656
weaknesses,0.5637419535659353,-0.3287213686307317
pave,-2.2414768061393566,-1.2581007191986076
sweetness,-0.27738027716852864,-1.1715793010642084
pakshong,0.11321914784404746,-0.4358697955979293
defaults,-0.2502342403244353,-1.7847949477440965
rungs,-0.6351354668759408,-1.0362262304184453
cometh,-0.7079157662778035,-1.6639756713248794
slopes,0.28968536862405875,-1.236584092717224
cosmic,0.2198907046409705,-1.5771512818782143
regulators,-0.0647507017660685,-1.771904333766407
mah,-4.313210777228608,-9.567912309096851
sumba,0.28968536862405875,-1.236584092717224
coco,-0.0012021437549323655,-1.6538263060981047
demolish,-0.2841925679846415,-0.4011391959324472
wiih,-1.0339503265512882,-1.2461045579674999
precincts,2.28789416143224,-2.223215922655309
carriage,0.008430491602925562,0.3849034657712777
mercantile,-0.28663895556906116,-0.6352333255497938
cookbook,0.2896853686240598,-1.2365840927172242
resettle,-0.9545857289515962,0.2607638780391447
investments,-10.570020733377113,6.179987029819941
bonanzas,-0.5954281564865572,-0.8519390330800739
lambe,-0.7950085825251372,-1.380836908765282
strafing,-0.7953423870860232,-1.3809659252716462
shore,-2.050155728157292,-2.3586779718234667
oppenheimer,-0.5395557669989913,-0.66088051225244
sign,-22.13209112294639,10.576079787645618
waived,1.0114476840020623,-1.6378968221614862
senegal,-0.7950085825249258,-1.3808369087654873
swampy,-0.2866389555690616,-0.6352333255497934
extortion,-4.0723695617071325,2.4173749984429658
rubble,-0.2841925679846418,-0.4011391959324469
yaakub,0.2844227464700075,-0.6508505035130595
carlos,2.9425881858513168,-2.8998527555283435
seats,-5.997007350718223,11.337852268764264
eng,-4.714823664295807,-2.812889525793913
crook,-1.4798953602660574,0.48983443805938404
tasted,-0.9259439037906065,-0.6403492503964453
suburbs,-0.8545550291649258,-2.01103313345759
tarmac,-0.7459716197868247,-0.529505931100674
facts,-3.8020445595166077,6.501917820523642
martinelli,0.19024566919394859,-0.7860986645251788
eartha,0.5282017462817218,-2.5142159603604264
allegations,-3.515369360920948,-3.8466673080169644
hauled,1.597394355644281,-1.5612391231699898
sharks,0.913256095860869,2.737856707310543
efforts,1.5142482193547715,6.277128304337808
informality,-0.5411043014528281,-0.44375523269390277
kol,-0.0012021214189909567,-1.6538262732846043
different,-8.792456432464434,-3.0965381942843986
contracts,-3.7410694545068988,1.593134621731882
technicians,0.8420751134972752,-1.0591200011700355
alex,-5.05677463611044,-2.548549878862592
peek,-0.10026576655809898,0.6344144284256641
arsonists,-2.524878686951469,1.2915828158855662
gentle,-1.339056529219592,0.8672616590620854
terrace,-0.5411043014528286,-0.44375523269390205
claire,-0.7079157662778016,-1.6639756713248752
rankings,-0.17935074410327936,-1.744688965793711
owl,-0.7079157662778034,-1.6639756713248761
maudrene,-0.9259439037906058,-0.6403492503964449
trophies,-0.775616839191986,-0.039259232387241695
upfront,7.920764671765521,-7.752079546276443
afro,7.318965773055622,2.039798522631729
effecctive,0.1132191478440472,-0.4358697955979292
underlying,-0.06150547846616531,-1.1663938012910589
maldives,-0.4706762374799905,-3.3908824357624754
ababa,1.429203368132919,0.3025287063645784
motor,-0.315867727241231,10.310342754468273
retrain,-1.1508840627074097,-0.35959341138485595
geoffrey,-0.9259439037906064,-0.6403492503964462
attorney,-0.7459716197868244,-0.529505931100674
noah,-0.07505748132728057,-0.4918824617762098
warlords,0.4422669467962003,-1.0201464999654988
chu..ng.1,0.1132191478440475,-0.4358697955979292
macazine,-0.6880157302582468,-1.2112826713736886
nick,0.2769932892466948,-0.08291091350197623
marxism,0.36590936651314815,0.23428721660480709
littering,-2.0434872827625723,-2.3417587793068493
pussycats,-0.46663838169492844,-1.279113449087584
tinggi,-4.05054218263028,1.6807262660033568
beside,-0.8174443040073492,2.281880450114856
cabby,-10.312045006730278,-4.801311196251586
shun,-3.427189041072584,1.5918458360458032
fixes,-1.0098715261557762,0.5441933662465759
retcued,0.0955313003095328,-1.1691228078079778
afford,-1.0934793960160814,-4.830596205810421
matthew,-0.8587641839366511,-1.5043952588092855
florence,0.6878483755366328,-2.3951675520135627
online,-7.954405990534253,-10.506583570623468
dress,-4.3189187321770675,0.8991214125492563
stave,-0.7459716197868247,-0.5295059311006746
hollywood,-2.9249261218165232,3.302174684488699
certicicate,-0.5395557669989918,-0.6608805122524416
wiggling,-1.033950326551289,-1.2461045579675007
brilliance,-0.635135466875946,-1.0362262304184455
outbreak,3.622735166035198,3.171042315002807
hippies,-0.3245581628120285,1.554981353435066
refresh,0.7887649903727841,-1.469273477949681
pity,-2.2123300530588423,0.6716495005778904
bodies,-15.941878097226539,8.287777874006155
chest,-7.54898496251784,-1.3877997030229006
supermen,-0.4112481775961112,-0.3865356951497382
gentlemen,0.690348317438799,-0.4685408558467607
packers,-1.4196855875571843,0.28194564424765806
tacks,0.02598367471853622,-0.732664525943939
restores,-2.258323581448071,-2.0192797669522573
akiko,-0.3647603247507671,-1.4553994391101956
welfarism,0.3106067747634469,-1.4407067085409646
sleuths,-0.028976852826417144,1.3492353268235606
jaycee,-1.234569263851328,-1.6946385191417264
liaison,0.31421196387545797,0.2739196373817606
dines,-1.543193937644845,0.14270300927881013
rightof,-0.6880157304260592,-1.2112826714492737
cannery,-0.5395557669989913,-0.66088051225244
muis,-1.2487267448294908,-3.19308614110806
woodrow,-1.0339503265512893,-1.2461045579675007
ecca,0.517924921590329,-3.626940212051062
mileage,-1.033950326551289,-1.2461045579675005
heroine,-2.4645075831552417,-0.06702826839465774
hector,-0.9259439037906054,-0.6403492503964437
constitution,-6.243894949770588,0.830297494329596
fry,-2.0166057867233835,-0.14640675125885247
kiow,-0.2772901692690825,-1.1717481141360104
ten,5.172081525992453,6.98213308925237
shelter,-1.6288072226346608,-2.495709011371497
atmospheric,-0.9217589924263655,-1.0708703313257364
furnaces,-0.9259439037906064,-0.6403492503964455
khun,-0.8587641839366483,-1.5043952588092815
prejudices,-0.7459716197868235,-0.529505931100674
pampering,0.33031092157193054,-1.044073094555569
curtain,-4.211333817160404,0.31956670311984353
ms,-3.5279295347692794,-2.0105467017101972
lai,-7.381888171843623,-1.4704545080598401
fella,-1.0339503265512886,-1.2461045579675
nasakom,0.02598367471853675,-0.732664525943939
mcewen,0.025983674718536066,-0.7326645259439384
pereira,-0.07505748132728012,-0.4918824617762095
recipes,-1.4866903708132553,-2.269134967116725
crate,0.5591728678866056,0.06663925741612757
setback,-1.4087382031267648,6.000079199608025
parked,0.9393987727704664,-0.28137306549270114
dims,-1.5556400146862113,0.14212408593059034
mindboggling,-0.4112481775961106,-0.38653569514973934
misadventures,-0.2841925679846415,-0.4011391959324468
asa,-13.833191044795608,-17.25428430713419
mynahs,-0.3985165557348587,-1.8231805488440043
maze,-1.3721606456146518,-0.7684580120836507
vile,0.025983674718536673,-0.7326645259439387
serena,0.21989090888952284,-1.577149824772375
sumitomo,0.4436480813909386,-4.005205484332181
hiro,-0.5673083651666878,-1.5773213966714759
nuh,1.7842051082876547,-2.453167203097675
trades,-0.765962420339305,-2.945922135429239
zia,-0.6514122246402422,-2.149024393221728
estimates,-0.36258529623387614,2.9902419911006684
wireless,1.034323452066043,-2.159692258768128
blighty,-1.033950326551289,-1.2461045579674994
gained,-0.25740612550549924,-2.7680006142787246
haldane,-0.2866389555690612,-0.6352333255497932
rumbles,-0.6886942369658305,-0.004698093966999975
malek,0.6814009505591279,-2.464387753673984
malaya,-62.45922134272607,120.93399244208072
gynaecology,0.21989100058003874,-1.5771491704423937
collapses,-7.300069668456641,6.566938375702712
siva,-0.8587641839366504,-1.5043952588092837
noguchi,-0.48540449611808334,-1.695876339016147
required,0.2908586425821064,-1.5310188488087033
advance,-6.106726214342634,-2.7246987017024833
celebration,-4.407649719619298,0.3965894940375713
caps,-1.2316343781025438,-0.4083196938260773
sandbag,-0.595428156486556,-0.8519390330800718
merlin,1.5837255569506967,1.770400729228687
mardan,0.31060730441456774,-1.4407066890326228
nepotism,-1.201689847933736,-2.8153014442204314
womendaredevils,0.09553130030953493,-1.1691228078079727
bambeo,0.11321914784404731,-0.4358697955979291
privileged,0.9525941287784843,-1.6647097141805132
fairest,-0.3985165557348613,-1.8231805488440047
bugs,1.1303166323479699,-0.8409082448916245
confronting,-0.22813773163125445,-1.6320119686977341
crewman,-0.07505748132728035,-0.49188246177620865
hostages9,0.3491510835996389,-0.8675437946725302
hints,-5.589185791512438,1.0442686536407928
escorts,-0.6453882885538341,-2.7060566030887117
martin,1.8242180173422795,-0.5732169041827534
hornets,-3.331038046786269,0.7138296535662134
dowling,0.025983674718537353,-0.732664525943938
bex,-0.07505748132728095,-0.49188246177620965
announcing,-0.7079157662778022,-1.6639756713248754
gaza,-3.5794350539119493,-1.6831192339253838
hui,1.155608235691891,-0.11117182982086027
stole,5.2362075297232,-0.12884319391141574
per,0.5200776687020605,-3.6338605861554876
concorde,11.50332085512488,-15.085628445712988
fanatics,-0.256125421882512,-2.4855517687934334
frankfurt,0.6382614776234317,-1.714061689882724
lake,-2.1605105867814376,0.977329499151653
cleaver,-0.5673083651666866,-1.5773213966714752
didikan,0.4422669467962005,-1.0201464999654979
fiddler,-0.9171794309859586,-0.9130263807394555
hutton,-2.9254478529314314,-0.14711879722598922
attracted,-0.3196633140079251,-0.8922023391756572
floodlit,-0.2774306814156148,-1.171516922146386
angeline,-0.2841925679846417,-0.4011391959324477
career,-6.142930859006174,-6.288016100866923
lifeguards,-0.5673083651666875,-1.5773213966714745
gilded,0.2844227464700071,-0.6508505035130592
technopreneurs,-0.25022811437707504,-1.7847992756932267
brokerages,-0.858764183936651,-1.5043952588092846
logger,-0.9259439037906064,-0.6403492503964453
wendy,1.2762137752418166,0.7553481850008038
increasing,-1.0102464907154587,-2.31606063562889
greet,1.0753298086386658,6.6521401170387975
millennium,2.1123698419980514,-1.9028085943191728
space,-30.299812788045728,-15.78799878320801
protects,1.1107851840567844,-1.4653093897249148
sensitivity,-0.635135466875935,-1.0362262304184442
msa,24.890970196759962,29.474007662332912
tunnel,-1.853765495623708,5.213798921118685
clones,0.29085864258209976,-1.531018848808715
carjacker,-0.06150547846616576,-1.1663938012910562
rsygum,-1.0339503265512897,-1.2461045579675012
narendran,-0.4666383816949286,-1.279113449087583
sandys,-7.873771455688204,-3.043998247991953
cpi,1.2622731043639612,-1.7486315898156841
kpm,-2.736068137847787,-4.068133754813788
joneb,-0.5673083651666868,-1.5773213966714759
vocue,-1.0339503265512897,-1.2461045579675012
packard,-0.2169402968471013,0.0678591467300934
elijah,0.02598367471853599,-0.7326645259439393
motors,0.1938428973297165,-2.1161257982244814
siege,-9.69970576711392,-1.3106424668779584
profound,0.3737202559968083,0.5742527021486372
jrs,0.11321914784404731,-0.4358697955979291
lasik,1.5467253513470098,-1.8305035645101873
pulled,-2.4363570214240147,-1.4793525783124666
enace,-0.9259439037906058,-0.6403492503964446
allegiance,-1.30898725028139,-2.717460649128696
klavsrkamp,-0.9217589924263655,-1.0708703313257357
maker,-1.805296742713304,-3.285956747140111
baldies,-0.7459716197868239,-0.5295059311006738
halloan,0.34915108359963914,-0.8675437946725308
leadery,-0.1533668744323933,-0.3633836570681846
trailed,-0.9259439037906062,-0.6403492503964451
shoplifting,-2.6118255077092036,-1.5879945836064095
salvaging,-1.0339503265512884,-1.2461045579675003
bets,-4.4209654032396,-3.104697627284738
breasting,-0.8587641839366514,-1.5043952588092853
rokhaiya,-0.41124817759611104,-0.3865356951497382
warfront,0.34954121859031556,-0.7654725031595926
choi,-1.1652264138061286,-0.2752832508937643
greying,-0.05658539296234397,-3.907233733049011
termination,-0.2281149057146713,-1.6319915878852935
apednik,-0.5395557669989927,-0.6608805122524419
bites,-3.6448680789091497,0.6648248514082671
crippled,-5.0057968903982175,0.6141529181379958
regal,1.6687203228819898,-0.09152684414833358
together,-0.319400058141876,-2.7878265209984283
hitting,-3.8458951178955343,-2.495638127661138
longbottom,-0.9217589924263654,-1.070870331325736
fo,-0.9759607404995313,-1.9979549844027131
al,0.351085556845506,-8.529873386478158
racehorses,0.09553130030953114,-1.1691228078079798
victors,-2.3073511685906967,-0.27256716166568257
lightermen,-1.4084760538129277,-0.9714652520196734
brand,-1.9695814674730114,-4.767531183705692
pj,-0.29608693730603963,0.3955057334027468
dancingmp,-0.6035150846824403,-0.6054210241965168
expanding,-2.405308507046856,-0.5692669366592185
bersatu,0.6766320506369224,0.6683270762882207
videotapes,0.3303109483675225,-1.0440731128674468
joesback,-0.28663895556906127,-0.6352333255497922
uaa,-0.46663838169492877,-1.2791134490875844
guild,-1.0339503265512893,-1.246104557967501
filth,-1.1897382877728786,-0.3318636284893148
crafts,0.2896853686240595,-1.2365840927172218
malaysians,-7.89947182172949,0.6452419451469462
dimples,-0.9217589924263646,-1.0708703313257353
inauguration,-0.39851655573486067,-1.8231805488440038
harbouring,0.2896853686240597,-1.2365840927172236
venom,-0.7055663602275724,0.34752784754251054
defamation,-1.4884653421897074,-3.6333185570129425
martial,-5.437281670054187,2.147191142599072
kitchen,-0.4624861076007625,2.5804875577937807
puasa,-0.4104886880758503,1.5240734346449099
moonmen,-2.8060285192159133,-2.292175247398113
urchin,-0.41124817759611104,-0.38653569514973735
ennals,-0.5673083651666878,-1.5773213966714743
sq11,-0.06475070174333158,-1.771904333759212
fan,-3.481963399633738,3.682056670172192
gifted,-3.610384681109791,-5.206696723632336
prominent,-0.6616241760762098,-2.1415131644397865
nilsson,0.3497087649065811,-0.16750789174590702
citadel,1.3874056531959051,-0.01852930845904839
cinerama,-0.3647603247507671,-1.455399439110194
roving,0.8383151526462427,-1.3194477133694271
dalvey,0.13142141351656006,-1.5707333605452094
taskforce,0.06556759853891006,-1.7093770022275574
document,0.6124638042909581,0.06305923074851219
feat,-2.0256163435293675,2.2741674959032006
wheelock,-0.8137930314179262,-2.6921068455534622
li,3.9974431776359247,11.451520273966256
titmus,0.02598367471853637,-0.7326645259439387
longer,-8.064922197250999,3.8633843407546458
sick,-7.659546583093519,5.28749848686494
presumed,-1.4313031714514368,-1.2123004415771343
ros,0.02598367471853637,-0.7326645259439387
invader,0.8529475845983864,0.5976511536970028
beind,-0.2841925679846418,-0.4011391959324469
deterrent,-1.7351794292237477,-2.009968107267284
facebook,3.300815431219111,-1.7667597229705467
disbelief,0.5349993425636603,-1.8269071469290168
smashes,-3.9256816967398427,-1.0261010190784159
renounces,-0.745971619786824,-0.5295059311006736
armenia,-0.6262375215841074,-3.004412185942406
awards,-5.581547041958332,11.353667088314594
clouded,-0.7079157662778034,-1.663975671324877
exchange,-11.203512152179837,28.08553026504434
hounds,-0.4666383816949288,-1.2791134490875837
invents,-0.06150547846615,-1.166393801291017
stimulus,5.154915320715902,-3.4212395680674517
usssm,-0.4666383816949292,-1.2791134490875837
sawmill,-4.674096010754525,-0.650357438371657
bullet,-2.7874904795413404,5.5078707764566825
donahue,0.02598367471853599,-0.7326645259439383
laguna,0.6824616784486626,-1.6654393243907017
tans,1.1600624087602684,-3.468859589512946
routed,5.186240172910662,-1.7701784786100618
threenation,-0.07505748132728057,-0.4918824617762098
destroyed,-6.2124995139686146,2.2482512007553894
diverts,-0.4666383816949312,-1.2791134490875846
artistes,-2.5786286380926797,-1.7238948513000425
anothor,-0.9259439037906052,-0.6403492503964439
grandmaster,0.3491510835996386,-0.8675437946725302
apec,15.148682669501877,14.039187357913617
isles,-0.8505003157175715,1.2545081006126348
bubbles,-0.32940912398798833,-2.196715486403002
goodness,-1.001950841263365,-1.9571073236020262
enlistment,0.35725924758091215,-1.3780752772474953
grammar,0.37360786160070836,0.5742935513010369
shaolin,1.5842289897640034,-0.6605317316842697
drivers,-7.665861512650411,6.650484805975707
janos,0.025983674718536066,-0.7326645259439392
seoul,2.030538026952748,7.7775317191117095
pheasant,-0.31966331400792186,-0.8922023391756542
nea,0.4236946158856706,-1.1488624737406894
shooting,-12.76704540779743,6.3842268153716795
schirra,-2.4953656867800618,-2.970826332577369
laporte,-0.07505748132728066,-0.4918824617762096
planes,-5.979990503536063,21.75328117514532
vow,-3.1134258108268913,1.4211857028539212
mahadeva,0.09553130030953493,-1.1691228078079723
passable,-0.4854044961180842,-1.695876339016147
ll,8.96588537597745,10.696453107973868
aim,-8.886232322536351,7.503748060836175
cushion,0.816063385058585,-1.9804260262872875
routine,-1.9032306842484659,-0.40688945529663695
nightclub,-0.29873268280477583,1.8766166861833566
rasc,-0.7953423889298888,-1.3809659258815683
crouch,-0.3647603247507674,-1.455399439110194
alois,0.11830838585941622,-1.4124414788332469
review,-26.61548599140911,1.9333713047271532
switchbox,-0.36476032475076614,-1.4553994391101934
koo,-0.5673083651666884,-1.577321396671476
brainware,0.18856491508051068,-1.0275825374893885
described,-1.3535837076532853,-0.5777913703501758
vamp,-0.7079157662778034,-1.663975671324876
graftprobe,-0.5395557669989914,-0.6608805122524403
golda,3.636524792257707,4.565659752861829
flowering,0.2896853686240598,-1.2365840927172251
druze,-0.6351354668759353,-1.036226230418445
cases,-36.16483084707431,-4.410125345029417
forgone,-0.48540449611808406,-1.6958763390161473
dancing,-3.982592190538843,1.4637947358670647
isrel,-0.7459716197868242,-0.5295059311006741
bhp,-0.07505748132728046,-0.49188246177620965
throw,-1.3055584266389653,3.7517983718201515
raves,-0.8587641839366508,-1.5043952588092846
poorer,2.7150195277170757,0.5725021193274593
balmain,-0.9270272445598413,-0.13916769632888332
playing,-6.591602211142239,-2.1661048978907997
street,-10.667413110072863,14.212208525614964
nuke,1.2197151328996665,-2.60582714449768
drifts,-0.5954281564865569,-0.8519390330800722
rex,-2.1650630804102455,-1.7158673382610592
instals,-0.2772901678619055,-1.1717481170857311
dali,-0.4666383816949275,-1.2791134490875804
remarks,-6.529042806526332,-3.780349755350891
olight,0.09553130030953311,-1.1691228078079758
quotable,0.737992202653963,-2.4339718852144756
moonies,-0.7774071064826648,1.0726385858144112
talentime,-1.4476405763325355,1.6245807002435917
antiship,-0.6035150846824523,-0.6054210241965349
phd,2.528696939873814,-2.0526615158266326
frrewell,0.29085864240654036,-1.5310188491125631
laundry,0.02652573098989487,0.6526478143827995
composite,1.1938902232219952,-1.9988753302833728
bulawayo,-0.6880157304260666,-1.21128267144928
laughing,-3.4635818660514106,-2.7445288528710545
sarajevo,-0.1172766062426517,-0.9787559025499383
considered,1.997466329720814,-1.2091673691504277
proposition,-0.07015718192555588,-1.5318659076448482
fiveminute,-0.6035150843658134,-0.6054210237143027
telecoms,-7.823065658934757,-4.536501675440668
vision,5.466223061396337,4.730182639255342
colin,-2.417148346024063,-1.6079905998060917
shells,-4.478377021128157,-0.16265175748672506
till,-0.1712643598628287,6.4202840136098365
bid,-92.71859138883859,28.286348483554853
lankans,0.3106073044145697,-1.4407066890326214
sights,-3.179131408141154,-5.060500000979165
hunt,42.103591322972335,51.21838326546435
philippinepress,0.02598367471853637,-0.7326645259439387
fridges,-0.5776258786874954,-3.006854622441854
renounced,-0.3196633140079256,-0.8922023391756572
thrilling,-1.1031872824019362,0.48699034821172804
termites,1.0425823158172614,-1.6147578810804923
granite,1.4206120349975446,0.3252201215857787
simpson,2.253806477174514,-0.9459039962990627
resource,-0.5815756622927941,-2.4843386797826352
bazaar,0.763085357434885,-0.6284094554844659
weeding,-0.9171794309859591,-0.9130263807394565
russian,-18.159294150499495,11.040061855309643
profittaking,-0.11727105286712278,-0.9787519284155963
kabul,-0.9033037823785453,2.5253024501965564
vendors,-1.9908093699892984,-1.3238656578428891
zahara,-0.2137049153311898,-2.1702098278665636
poison,-12.009484485804338,1.4733354834248564
flsh,-0.6351354668759799,-1.036226230418445
bikes,1.0332206045264738,0.3628540784160821
real,-11.001582900066087,13.279745882497329
outposts,0.7635323825434288,-2.6520448690079266
hsu,-0.10799127555601774,-1.3898653911622625
position,-1.6688061749729903,6.8156887252523655
liner,-10.908893246879838,2.320695485897514
cellmates,0.44226694679620115,-1.0201464999655105
achieved,-2.7699488085428468,-1.6915628407827108
gsic,0.11321914784404735,-0.435869795597929
related,0.14594512852127906,1.4765172681978556
yielded,-0.5837702892509261,-2.144772161576214
restates,0.4422669467962015,-1.0201464999655097
digest,0.7156387640006676,-0.6134478927000547
tcm,0.6128511746525018,-1.7811616371339571
dowry,-2.0137071460914906,-0.7677721611104428
diet,0.5177376677654726,3.5443060559163633
courtesans,0.28968536862405997,-1.2365840927172236
revolution,-6.154815017839834,-0.7681777375895527
rahman,-29.208291627962286,4.848841514851637
olin,-0.9171794309859577,-0.9130263807394544
sigh,0.28968536862405997,-1.2365840927172236
irrelevant,-1.1167562402474642,-1.838059749899075
edberg,-0.518043106730756,-2.2096471880031276
erize,0.44226694679620104,-1.0201464999655108
rudolf,-0.8587641839366504,-1.5043952588092846
tm,-2.20826564112041,-1.5446197818714902
drain,-5.676921417004788,4.529712062811799
iqs,0.28442274645697824,-0.6508505035056444
uncertainties,-1.5117233962455998,-1.82333915693037
yietcong,0.34954121855385883,-0.765472503124619
sikhs,-2.1643411273437305,0.7144321348200772
salmon,-0.09097282457569396,-2.2066105123956996
pahat,-0.2772901677651445,-1.171748117288924
verbal,-0.6351354668761605,-1.036226230418442
defences,0.5976221912614778,1.1449004173349775
words,-4.242163815497356,15.755884612886177
meetint,-0.7459716197868235,-0.5295059311006732
tao,1.1700048211147778,-2.6227845620946106
typist,-2.350264540059576,-1.8562867205711762
colony,-32.0229757241125,89.69768101691206
hail,-3.084456044238538,5.084793835336286
puces,0.4422669467962009,-1.0201464999654983
calibre,0.04700898764904382,0.010698563599796004
berlusconi,0.41806328215294924,-1.2878031306838702
capucine,0.02598367471853705,-0.7326645259439377
liberation,-1.5449933496033945,-0.28610039946508686
flyers,-0.14476674340720652,0.3814046957276486
sg,0.41806328215294775,-1.2878031306838693
upin,-0.9259439037906064,-0.6403492503964455
pickpockets,-1.4126620667391045,-0.8328082412723931
tagalok,-0.07505748132728057,-0.4918824617762098
gce,-4.419229934655585,2.382245449439343
users,-2.834750594389297,-4.168456848134573
montreal,-0.42146216318386676,-3.1859694968523598
pearl,-0.6783359396881427,1.3015986179000885
affections,-0.9259439037906061,-0.6403492503964449
stronghold,-0.4285669078818655,1.1384257471761807
projections,-0.06150547846609728,-1.1663938012908863
tiwary,1.3323553893808076,-2.154462699724332
transistor,-0.9496291308059345,-1.974494776315242
barn,-0.9259439037906066,-0.6403492503964462
censor,-1.99234710459185,0.32870257172985434
obvious,-0.5411043014528284,-0.44375523269390277
kuwait,-8.31839767303571,-11.403776939965468
tai,0.4555829078842588,0.20638469158958403
winker,0.02598367471853652,-0.7326645259439385
pups,-0.48690671529248025,-2.477695282632237
penned,-0.9171794309859582,-0.9130263807394553
ora,0.3495412185538591,-0.7654725031246185
lndonesian,-0.061505478466100154,-1.1663938012908976
convict,0.5137419393231027,0.7392461078431615
hippo,1.6198045257355613,-0.7005119660334675
laying,0.3303109215717966,-1.0440730945554777
tweaking,0.0655675985368414,-1.7093770022288095
hank,-0.07505748132728088,-0.4918824617762095
opinion,-0.2772082262611548,2.4492579113905846
components,35.688178564850205,1.2668459451543508
drill,4.892347025318129,1.9092160768465187
concepts,-1.3828848976129975,-0.8940292825665144
dials,-0.3196633140079263,-0.8922023391756578
tremble,-0.17935074410328147,-1.744688965793715
tiny,-5.0135474649630805,-0.9585418993892102
poreans,-5.104612405004112,-9.473127279215516
slit,-0.28419256798464154,-0.4011391959324468
embassy,-23.28110351216643,0.5689861882817363
pardoned,0.13122302749859127,-3.4896585004282112
complicity,-0.6880157304260385,-1.2112826714492648
prayed,-0.09711856837775262,0.04598038352404695
hoursafter,-0.5395557669989914,-0.6608805122524409
woll,-0.27729016873333684,-1.1717481152583173
herbert,0.025983674718536066,-0.7326645259439384
badawi,1.1679861508804437,-1.1455277769377168
gene,1.6768471553075786,-0.14585055993607224
helped,-7.017425350712122,2.2806142829825715
drive,13.33539485599942,30.68433915678231
ticket,-8.066155415306655,-2.1898062688536726
blueprints,0.11830838587390426,-1.4124414788305126
avimo,-0.8587641839366504,-1.5043952588092844
timeshare,0.4180632821529483,-1.287803130683869
hostilities,0.7915335626080443,-0.6902297362840079
bernstein,-0.39851655573485995,-1.8231805488440052
outpatient,-0.8342173055157492,-2.685987036047499
ever,-1.0339503265512888,-1.2461045579675005
insulted,0.6872633795455187,-0.5150900635720564
antihijack,0.3495412185479112,-0.7654725031189125
car,-62.09338487511495,54.20033490032343
deadly,-0.5954281564865559,-0.8519390330800722
continental,0.8683715730132601,-1.0666057500739796
bravery,0.8197051055966629,-0.853027528828288
contestants,-0.06150547846609576,-1.1663938012908879
suntec,1.0952059419930755,-2.0558673454768446
fairdeal,-0.41124817759611143,-0.38653569514973796
verse,-1.5747573063673355,-2.174884936834333
yuth,-0.36476032475076625,-1.4553994391101936
thttll,-0.286638955569062,-0.6352333255497928
burden,0.1739151318434237,2.0996631543161137
confident,-3.7532757665486733,7.572798458956753
caranicas,0.025983674718537353,-0.7326645259439373
eriksson,-0.13605008359280854,-2.2100713320302092
lavigne,0.1314214135173669,-1.5707333605451772
interesting,0.8067186898055413,0.5939688192928733
ailment,0.025346080775505795,0.3408341188682871
sterling,-5.776249056881559,-1.7824561756595982
clear,-12.486451553104413,9.053786660337652
twilight,-1.0646065606023953,-2.268238839825257
eress,-0.795008582528509,-1.3808369087624937
derailment,-0.2773801038435695,-1.1715794912470623
kobaya,0.19024566919394761,-0.7860986645251783
ceremonies,0.11830838586719433,-1.412441478831793
cuban,-2.381521720403912,3.180679498435545
lopc,-0.5954281564865559,-0.8519390330800726
pish,-0.15336685757978985,-0.3633836352608035
thrifty,-0.2502281143766184,-1.7847992756935491
minh,-2.907562891035093,-2.961229931965506
foodstuffs,0.2896853686240595,-1.236584092717225
starts,-20.661802892205156,19.065808500628354
reign,1.3576733046063312,-2.9267541424328356
fielding,-0.3196633140079252,-0.8922023391756565
storemen,-0.2773749299273543,-1.1715848663158759
kims,0.2768677597405557,-2.71425271290334
mushroom,-1.525966445654065,0.7634834183786903
woffles,0.06556759853904051,-1.7093770022274781
seisure,-0.9259439037906058,-0.6403492503964443
flexible,4.116286324266791,2.210333862204268
wavers,-0.18547226456184346,0.07123660589903992
cert,-2.442855707539095,-0.7243077616632211
toms,-1.0339503265512888,-1.2461045579674999
phototherapy,-0.8587641839366511,-1.5043952588092855
mentality,-0.10911669980696306,-1.6485090612439455
queries,-0.216693954441514,2.7152128723844267
rook,-0.28419256798464193,-0.4011391959324479
debut,1.6141029021573907,2.686210417524651
ut,-0.925943903790606,-0.6403492503964449
gardener,-1.109923272006851,-0.23635486595767313
lester,1.3976953593618673,-1.9673214384884625
depicting,0.1132191478440477,-0.4358697955979294
showflat,-0.10610796960578783,-1.6241393843631984
watershec,-0.31966331400792525,-0.892202339175657
divisions,0.02472032805698148,1.1014998839570105
piles,-1.0891349499682454,0.17849095234775092
egypt,-21.46592422964485,15.618815576975965
appease,0.19024566919394706,-0.7860986645251775
richest,-0.12545131109864108,3.201513331345178
wtc,-1.3348872945814168,-1.4908228020207182
fervour,0.09553130030953387,-1.1691228078079763
airdrop,-0.6880157304260626,-1.2112826714492761
suitcase,-2.5603739701232686,-0.40653019844369076
wield,0.1132191478440477,-0.4358697955979294
wanes,-1.03395032655129,-1.2461045579675014
bleeding,0.9586679103565989,-1.745397673276535
lauren,-0.2866389555690624,-0.6352333255497934
serbs,1.1729071458295606,-0.971626565249644
avon,-1.2317994319601762,-1.6986321607375579
rampage,-0.27374408253646054,2.9521526478487106
vear,0.31060730441457485,-1.4407066890326214
ilushing,-0.2502281143768743,-1.7847992756933693
fiiel,-0.1793508332500248,-1.7446889020271588
impetus,-2.008640447820786,-0.9771049158619782
morris,-1.2271396731139865,-0.35145478387259477
reking,-0.5395557669989913,-0.6608805122524409
molests,-0.07015756445176467,-1.5318649590517606
interferiority,-0.6880157304260589,-1.2112826714492742
trojans,0.4180632821529483,-1.287803130683869
ants,-0.46663838169492955,-1.2791134490875842
macd,-1.0354948916717726,8.260634029562798
front,-8.80489266323099,29.764026452204543
principal,-3.276692653815674,-0.4481949345604585
eventual,-0.7079157662778025,-1.663975671324877
decides,-9.39266109171997,3.9003605246816453
tropical,-1.5992321250665937,-3.252617844745356
chingay,1.6521975156464828,0.5507904230280947
overshoots,-1.3522598399677765,-0.6482183623999488
manipulators,-0.4666383816949294,-1.2791134490875837
ignoring,-0.32289905520242396,0.0266578150465749
chefs,1.8223508302350302,-1.1830667219919762
squints,0.6377878957200589,-1.5954773107052913
torrance,-0.17935074410075222,-1.7446889657955231
raisins,-0.7079157662778021,-1.663975671324875
flags,-5.160456812522548,4.672593485904345
ning,0.44736234415102455,-0.25103589575950264
dhana,-27.44902183214012,11.05048251141995
tightrope,0.11830839000718818,-1.4124414780249066
msg,-0.85876418393665,-1.5043952588092837
alpinist,-1.3554230286496516,-1.4814459111284404
tampered,-0.8587641839366504,-1.5043952588092846
twist,1.4217234499203986,3.0568916097515686
counterfeiters,-0.28663895556906166,-0.6352333255497931
battling,-0.7232387886099757,-2.724231463973863
affirms,0.8787887076291059,-1.0933364684725928
kwee,-0.6351354668759344,-1.0362262304184435
someone,0.8690437897628788,2.117904774386245
fins,-0.9171794309859582,-0.9130263807394555
signalmen,-1.9153366484757834,-1.7360259803168667
agent,-4.8310041386510765,1.9581764865773803
notes,-12.285236093369685,5.524690017397497
spike,-0.0647507017433287,-1.7719043337592089
subversion,-3.336703016927874,0.43573134835605576
righteous,-0.9259439037906058,-0.6403492503964451
ideals,-3.333142724645907,-2.7504442424675926
fuzz,0.11830838584851489,-1.4124414788371662
chute,0.13142141351656095,-1.5707333605452114
marching,-2.3918704301420215,0.02713774711228785
chongsam,-1.8052361172321152,-0.17676404851942595
wembley,0.09553130030953387,-1.1691228078079725
viet,-29.806486297018214,11.469997753023982
loong,1.8200476248384665,-3.979766665401846
panties,-0.9056990981744395,-2.022003818332671
souvenirs,-0.2841925679846416,-0.40113919593244696
duc,-0.117271200627904,-0.9787520341279191
hazardous,-0.06475070174333158,-1.7719043337592109
recruits,2.4860698331075723,0.3989774257397956
ailu,-0.398516555734861,-1.8231805488440047
vulgarity,-0.48540449611808434,-1.695876339016148
qantas,-3.7399143309425775,-6.00629762561746
teck,4.812864915437988,3.999840955889061
cotton,-2.5130206964659862,0.6074290910756046
kefauver,-1.0339503265512897,-1.246104557967502
sasa,-0.06150547846616728,-1.166393801291058
cautioned,-0.8587641839366503,-1.504395258809284
sha,1.0064823472263804,-0.4744642836058063
brothels,-0.7950085825248489,-1.3808369087655756
purdah,-0.7079157662778018,-1.6639756713248754
flares,-2.4812292506618294,1.5422140531812571
posing,-0.35260260938452814,-3.0342766411488826
hubert,-0.46663838169492877,-1.2791134490875826
jia,0.11321914784404777,-0.4358697955979293
bridge,-8.707130651631177,9.630341408175589
expenses,-1.5172788008492823,-0.21721661708085477
example,-2.369154931161513,2.8711727540760132
ladles,-0.2841925679846415,-0.40113919593244796
case,-57.78271444125706,18.928035316261166
eyskens,-0.2772901692200253,-1.1717481142388542
matador,-1.8143028597583821,-2.6289229803558904
lap,-2.8836107326263734,2.7623127110665338
plays,-3.3796250720483485,5.7437997504098846
healed,-1.389040652050418,-1.3624833061681199
rossellini,0.9813459965065602,0.10432360725334373
proverbs,0.2844227464559743,-0.6508505035050727
cleric,0.8387735255855898,-1.2157656838382493
indecision,-0.7459716197868235,-0.5295059311006735
span,-0.9171794309859577,-0.9130263807394544
vienna,-1.7544693586043494,-0.10918477517106971
classification,-0.411248177596111,-0.3865356951497391
toslom,0.33031094838709135,-1.0440731128809886
pdas,0.4422669467962001,-1.0201464999654974
battelefield,-0.06475070176607031,-1.771904333766408
paste,-0.39851655573485917,-1.8231805488440038
ed,0.4180632821529483,-1.2878031306838715
eyebrows,-1.1791214605666895,0.06934245510136015
abolish,0.41356076161376054,1.4379678929941777
disio.se,68.78874816017637,-116.25191951707303
wading,-0.5673083651666885,-1.5773213966714752
brighter,-2.1684499297829904,3.6837284180402934
single,-5.743861566365847,6.251902407590755
macritchie,0.0655675985367364,-1.7093770022288726
adelphi,-0.9259439037906049,-0.640349250396443
seconds,-1.1503035204663195,1.8958104406202234
hin1,0.41806328215294847,-1.2878031306838706
cambridges,-0.85876418393665,-1.5043952588092835
hackers,1.030512855171539,-1.6979780234386272
concede,-1.4079458320097473,-1.0464457133180187
newspaper,-8.35679011507745,-0.04148555039087895
shs,-0.9171794309859586,-0.9130263807394563
withdrawals,0.4507498245574727,-1.840664997348745
fearful,-1.446996366980648,-1.159111742444785
sepal,-0.9259439037906058,-0.6403492503964445
stable,-3.521713325402383,3.7974648466760974
landslides,1.1505669741517401,-0.15635755354258016
keluak,-0.41124817759611115,-0.386535695149738
decrees,-1.5303973991242088,-1.831323238748556
disguised,-0.6035150846829462,-0.6054210241972842
loses,-13.119900820586418,19.36494349375707
disallowed,-0.10799127559822154,-1.3898653912173093
guinness,-0.7547011862653129,0.613356456361363
dictionary,-0.5228404413700684,0.045034021073431976
afc,0.45065279814509274,-0.2030252681181403
seizure,-7.008107339435971,-2.739968736151041
portsmouth,0.13142141351695552,-1.5707333605451015
tikes,0.790986533833204,-0.6778551876325607
maugham,-2.284426665584498,-4.025321148643922
dudley,-2.885813271462687,-1.3145751350702375
s2l,-0.0012507541655633922,-1.6538975262430504
mister,-2.422005402635201,-2.1451805804306883
laundering,0.42369461705739064,-1.1488624739961137
financial,5.670386508606007,5.37934497463813
lies,-0.5488353305028699,6.586581194680587
cove,0.11321914784404766,-0.4358697955979295
stinks,-0.4854044961180829,-1.6958763390161464
joan,0.8620512062841742,1.2287165812512688
poppets,-0.7079157662778018,-1.6639756713248754
eady,-0.07505748132728057,-0.4918824617762098
bakeries,0.8608738197642379,-0.9222902831827543
rockets,-6.870936940766521,1.3445648573330826
miry1,0.3491510835996388,-0.8675437946725303
keightley,-1.464681435620079,-1.0417868046217047
touching,-0.561847849343506,0.8974302071369433
exxonmobil,0.39319341687195636,-2.0137220033305576
vaults,-0.1172710534253944,-0.9787519288149988
unctad,-1.6415417145728726,-3.614321739481308
archbishop,-4.057724027581427,-3.5860680754313314
organise,-1.427724504421742,-0.760124748255483
conservancy,0.5364448089540227,-2.265578614750853
steals,-2.704809489090134,0.5898236134245662
tarita,-0.07505748132728057,-0.4918824617762098
snooker,-0.27380564487640285,-2.1749391792450505
trench,-3.054460935628354,-0.03466825672111591
reactions,2.0668242989957304,-2.2263609979837518
twenty,-2.7617783765536954,0.17755615409316527
calligraphy,-3.0363033021879358,-2.9948027306978213
museum,-0.6374058305992655,4.7859595196055
fake,-6.265954959244533,7.190845193140415
kallang,-1.4582646118925635,5.766074347254241
spokesmen,-1.2480996083817264,-0.38111843591925143
household,0.6742423118770599,-2.7185953012815736
accountants,-0.2281149631630216,-1.6319912722286976
sylvester,-0.539555766998991,-0.6608805122524408
compact,0.3106067747573179,-1.440706708541214
sportsman,-1.7193870369798372,-1.3780934704863559
staggers,-0.5395557669989911,-0.6608805122524402
chng,-0.4854044961180828,-1.6958763390161466
erp,3.9268380785831805,8.094117863837514
stbc,-0.17935083225770157,-1.7446889027370773
moths,-0.9171794309859587,-0.913026380739456
cherry,0.21619975364079336,-2.11079677814023
punishes,-0.7170298197164107,-2.1266127655962843
sandosham,-0.795008582540838,-1.3808369087517205
oon,-0.9080925195074684,1.0362778018648657
bowler,0.1310425971361865,-2.459223505792763
hers,0.4422669467962011,-1.0201464999654979
jiangsu,0.7323612821124845,-1.5939030462862678
animal,-2.700393226684496,-3.0962574793143283
horoscopes,0.1902456691939439,-0.7860986645251877
bemused,-0.9217589924263659,-1.0708703313257366
nival,0.34915108359964014,-0.8675437946725311
cameras,3.211936887452938,-0.8526278072065575
eichmann,-1.1730704719840424,-1.8000482819248527
stereotypes,0.18877684227853847,-1.0277521570017605
sexus,-0.541104301452829,-0.443755232693902
mallets,-0.36476032475076825,-1.455399439110195
respite,0.7385202851142383,-0.5721937179050501
discards,-0.6351354668760328,-1.0362262304184404
afflict,-0.4112481775961105,-0.38653569514973957
scale,-0.553266576472261,3.322532236064852
padre,0.02598367471853637,-0.7326645259439392
tjio,-1.0220288338280479,0.5076677678745432
bollywood,-0.7966595468880885,0.2776391427803413
lean,-2.582083771629639,-2.143798939091534
rouse,-0.5954281564865569,-0.8519390330800722
luar,-0.3985165557348611,-1.8231805488440054
angeles,1.1633484793159294,1.1059143740889081
pmleaves,-0.917179430985959,-0.9130263807394564
battlefields,-0.07505748132728057,-0.4918824617762098
opportunity,-2.34768494612471,-3.033460818513649
cancelled,-3.2094277508416362,2.86934010382837
type,-0.7936292026122218,2.001879819461165
invent,-0.3196633140079257,-0.8922023391756573
pinkies,-0.061505478466165005,-1.1663938012910569
rtm,-1.0347049268884627,-3.667109697280452
relics,-1.3011855713371017,-2.3976589239695913
rover,-0.4666383816949284,-1.279113449087582
feeler,-0.36476032475076514,-1.4553994391101928
thwart,-1.3720881945911996,-0.7681255678706714
junkies,0.18523542295829945,-0.027512260214963967
wto,-3.3071076571519917,-13.233339674284032
lying,2.0702887260361567,2.5541146510259725
redskin,-1.0339503265512886,-1.2461045579675
spate,0.4715858435806758,1.4098944900473276
eighties,0.8032217510053741,-0.9931940785373036
footloose,-0.48540449611808373,-1.695876339016147
erratic,-0.3647603247507671,-1.4553994391101925
hairdo,-0.07505748132728068,-0.49188246177621037
ifs,0.46003944138222047,-1.8583726272553733
gales,-0.5064788897440503,0.037629611258996144
fumigation,-0.28419256798464154,-0.4011391959324473
cracks,-2.5072592211396336,-3.671762931646283
slbm,-0.5673083651666877,-1.577321396671474
sefari,-0.07015755433650414,-1.5318649843260075
benefit,-6.1641548727514754,2.941563482163071
gen,-5.6533857367023375,-5.535265812101002
flagship,-2.4473302598312867,-0.8094236648484517
building,-18.553748251908466,-5.884596455708793
congolese,-1.17364741534329,-1.7993787344230299
pip,-1.0339503265512895,-1.2461045579675007
confiscated,0.11695225088583264,-2.090965760592237
materia,-0.4112481775961106,-0.38653569514973934
saris,0.2896853686240592,-1.2365840927172236
watcher,-0.917179430985959,-0.913026380739456
harahap,-0.2773749299174539,-1.171584866325414
shoes,-3.124461490573328,-1.7184198457750663
denaur,-0.9259439037906058,-0.6403492503964441
feisal,-1.1571007606261472,2.2454195480419306
bumi,1.5746690279484494,-1.5026787456320008
vietcong,-13.158245525451415,-8.52690715522333
favours,-1.2102770505552591,0.9551709873564236
bulan,-0.1544172484452226,0.036428315708155516
cic,0.11321914784404717,-0.4358697955979293
ambush,-16.960183820017765,30.84934486755857
trundler,-0.07505748132728061,-0.4918824617762095
dostoyevsky,-0.8587641839366502,-1.5043952588092837
spinning,-0.0012021213996036217,-1.6538262732561226
ma,-4.64386043639471,0.4301018178121724
shattered,-2.3923352284708543,1.3908829092085726
zubir,-0.22811484532522297,-1.6319912544031034
bin,-1.490575095046355,-3.061514434657833
blur,-0.2841925679846419,-0.40113919593244785
creamy,-0.36476032475076664,-1.4553994391101934
savage,0.9501473674615531,0.44204537838681207
gain,-9.57232671856491,0.16743516681198678
pck,0.0017403811271243697,-2.189692703405873
shizhen,-0.41124817759611093,-0.3865356951497382
uncrowned,-0.539555766998992,-0.6608805122524407
implications,-0.3114793093801435,0.40167047845250586
heartstrings,0.032464967203112614,-2.129820726795167
hosni,0.9122563279193276,-1.877820326573578
barrier,-7.183601128546356,2.3885003184892755
soorian,0.3495412185479118,-0.7654725031189127
s4mil,-0.07505748132728031,-0.4918824617762094
foray,0.06556759853900869,-1.709377002227499
stand,-20.487005592618598,23.622262340999345
bumiputras,-1.191024739035839,-2.809159637337664
happiest,-2.933024490469478,-0.2850591138472679
hottest,0.7238158984232487,1.3156355710404573
retains,0.41550480366380327,0.790166879117562
gammon,-1.7596990889444013,-3.5441214214974788
punter,2.554505589559756,-0.06022739775108519
grooming,-0.9123406842144016,0.24713319343315085
millionth,-0.6295515220241185,-3.3762824145611017
kids,-18.519054851164345,-7.286065471204294
sicom,-0.0012021214168566909,-1.6538262732814693
imperial,-1.805320890649583,-1.880732027629542
gangway,-1.2122020270869096,-0.36326579216170746
newsman,-5.575974044261496,4.657067506925098
quash,1.139603567392356,-1.1807655332776517
keith,-1.0339503265512897,-1.246104557967501
fallout,-0.466638381694929,-1.2791134490875837
infusion,-0.7079157662778026,-1.663975671324876
arrogant,-0.9171794309859589,-0.913026380739456
jealousy,0.8248038641256679,-0.9302984062387736
moots,1.4499141377910851,-1.2904968715056107
flirt,0.2896853686240597,-1.2365840927172236
ppp,-0.5543882262726458,1.875307837285963
towns,-3.0107729556755314,4.277776529087776
scratch,0.12100126489809544,-2.142774741168444
invasions,-0.31966331400792175,-0.8922023391756534
hkt,-0.0701572187019969,-1.5318658218087708
beijing,14.831907021260012,22.949250749083305
merah,-0.5267678394159658,0.9092116871053266
streakers,-0.06150547846614955,-1.1663938012910176
capability,-0.07505748132728118,-0.49188246177621
waitresses,-0.5395557669989925,-0.6608805122524415
s...pore,-0.39851655573486006,-1.8231805488440054
peugeot,-0.795008582540837,-1.380836908751719
rumanian,0.1856810343775186,-0.02768764230018525
thorn,0.45621725906062227,-1.8356157430454758
sashimi,-0.2502342403244447,-1.7847949477440872
doctored,0.10634235127381174,-2.118304550669788
picassos,0.025983674718536597,-0.7326645259439376
glow,-2.8495331161161874,-0.8052056621652253
belated,-1.242797876198535,-1.6671567612312845
essay,2.5306981922713434,-0.49817464064447314
blanket,-2.651789932134602,-1.1759155761969355
lon6,-0.36476032475076514,-1.455399439110192
carparks,1.1450236398051497,-1.2992397905636932
rate,-14.862000254122162,-39.88024545624531
countrymen,0.21989091347034503,-1.577149792089082
chemical,0.8972654468943232,3.233637043820644
values,-12.059377321428878,-4.750283686090197
habash,-0.11939437206128806,-0.9803313833143898
stopover,-1.7023116984968174,0.6064661535161457
samrin,0.11321914784404762,-0.43586979559792954
bloc,-3.8874803171528445,-5.9580331689251125
primate,-1.1493107401828129,-1.8419855829623197
shaharuddin,0.34915108359963914,-0.8675437946725308
roses,-4.1711863696280185,-0.6784287194168376
gallop,-0.7672880228482193,-2.116991115493048
arrogance,2.671473784613607,-0.8779810479533408
crutches,-0.5045419240972184,0.038279502374297454
trespasser,0.13142141351656006,-1.570733360545209
gegr,-0.9171794309859583,-0.9130263807394555
vera,-0.9217589924263647,-1.070870331325736
isder,-0.9259439037906049,-0.6403492503964442
smell,-1.3763167946024106,1.0620627311465438
nominations,-1.8840483860547876,-2.1963952382998944
henan,0.4894209157660055,-0.22156437957382644
mik,-0.688015730258193,-1.211282671373666
slashing,-2.439209029104917,-2.089781602134152
shoplifters,1.343126486831143,-1.576214706935222
ronaldo,0.13142141351648975,-1.5707333605452203
soyuz,1.8595507359262624,2.984194350982782
quorum,-1.1157181448408573,1.2092058462605406
tangled,-0.5673083651666858,-1.5773213966714743
evening,-3.819132746734741,-2.28298601841471
pakistan,-0.32697354291865005,18.525472959635557
rotation,-0.46663838169493066,-1.2791134490875848
hath,0.9234280843970862,0.1888507706728244
firepower,0.03048913557316008,0.356209544195328
course,-10.81369302688205,6.181426845757123
sb,-0.921758992426365,-1.0708703313257353
growing,0.39583689590516286,7.752193637496836
imperialism,-0.5896571101380036,0.027575559990065085
excavator,-0.8587641839366508,-1.5043952588092855
scolds,-1.033950326551289,-1.2461045579675005
wired,0.9423313049157103,-2.7902926218041375
censors,2.420164695745487,1.443684208658742
bravest,-2.9204502800045122,-2.355626673826021
gradings,-0.07505748132728057,-0.4918824617762098
clot,1.0795100209388682,-0.590909448378953
batu,-2.313985342657238,1.2998103050439243
equality,0.3721615591757747,2.0819878030037606
treaty,-4.2198281782309905,11.530115214026344
royalty,-3.393006971476864,-2.6271333236839127
chickenpox,0.33031098506063533,-1.0440731475831648
slovenia,-0.10716953599375603,-1.3895353893368918
haze,15.220000688911906,-0.17375905550220064
hot,-21.338311830811143,-3.1683735231158887
pres,-1.7554741970846768,-1.248614842747711
irrevocable,-1.0339503265512886,-1.2461045579675
arrows,-1.3403361320372411,1.308648875640855
pretext,-0.46663838169492855,-1.2791134490875837
ridiculous,-1.033950326551289,-1.2461045579675003
farrer,-1.4283760542767208,-1.2761712424063762
methodical,0.19024566919394395,-0.7860986645251881
theories,0.336605354378057,-2.615474810681373
delaying,-0.06724657364631174,0.3575239870688137
kukri,-0.36476032475076564,-1.455399439110192
advances,-0.07505748132728107,-0.4918824617762098
rein,0.17437014580596708,0.6040795376283692
chopin,-0.36476032475076536,-1.4553994391101919
hump,-0.07505748132728042,-0.4918824617762096
miflion,-0.541104301452828,-0.4437552326939026
servant,-1.1315757755304887,1.1705070993674278
guillang,-0.7459716197868237,-0.5295059311006732
fascist,-0.2866389555690616,-0.6352333255497922
bailor,0.0955313003095328,-1.1691228078079767
intercepted,0.7663721086411794,-1.3789453636872735
molesters,0.11830838586762009,-1.4124414788317101
rescinded,0.1132191478440475,-0.4358697955979292
explode,-0.9547863675047351,2.812759937923971
attendants,-0.6351354668760821,-1.0362262304184415
soe,-0.28663895556906177,-0.6352333255497925
jayamani,0.09553130030953311,-1.1691228078079778
jean,-2.0098321860246737,-0.8424911794817862
pancreas,0.19024566919394675,-0.7860986645251788
shortest,0.2844227464700069,-0.650850503513059
dors,-0.28663895556906177,-0.6352333255497925
acclaimed,-0.8834635759063377,-0.10419889443974835
charles,-5.179543913903108,6.970951149956634
mobs,-6.812965980378964,-3.8615077401700657
ships,-23.97061606064804,-20.834046555926392
donkey,-0.31966331400792525,-0.892202339175657
canning,0.2896853686240591,-1.2365840927172234
subsidiary,-0.29234081302634346,0.9255705912112329
intentions,-1.358920491641708,-0.6456508162677475
musicians,-1.972004895729048,-1.3871524137616789
khans,-0.5954281564865571,-0.8519390330800725
rhetoric,-0.06150547846615031,-1.166393801291018
rebut,0.6383146203591675,-1.7678748573856347
dyeing,-0.7002165155422196,-2.14453740533606
invests,-2.050654882639929,-3.6615980221429734
pray,-3.9056603276276403,-0.6071481671545247
s2oo,-0.5411043014528284,-0.44375523269390316
skill,2.7057452200456606,4.070073569958026
key,-12.031189094776224,24.489953505665156
anne,-2.160909828980289,4.301281109239484
rush,-18.10916235140623,13.968917377044992
butane,-0.9217589924263659,-1.0708703313257368
missed,-5.075398933844412,-0.030577810674249188
steep,-1.5437856342198828,1.2020478188822352
arsenal,-2.0597461207267314,2.9404524834507173
introverted,0.11830838584848746,-1.41244147883718
buddhists,-3.179860474197264,-0.5967286171056202
admission,1.947230945934161,2.360600331740505
sultan,-0.8854951342161737,47.743877603127466
outcry,0.8559808516222,-1.9496885689016306
stepmother,0.11830838585917561,-1.4124414788332909
adams,-1.7264518813079746,-1.3675307801135765
koucky,-0.9217589924263649,-1.0708703313257355
neu,-0.28419256798464165,-0.40113919593244707
disbands,-0.36476032475076664,-1.4553994391101934
charan,0.05760902140287064,0.03168081120126552
fozdar,2.0181612247233227,0.4461705223705859
mm,-22.049899643200032,-16.105391299615583
muck,0.34954121855385756,-0.7654725031246173
prefers,-1.917380252524822,-0.5484284852283396
domestic,3.0673427128587805,0.4613910704664705
install,-1.573468724145307,-3.0350770052512788
airships,0.4180632821529488,-1.2878031306838709
sour,0.5374438149581962,-2.8274446142668443
worsens,2.6939874091052096,-5.18117028665067
lallang,-1.3402371261622645,-0.03700996695967306
crawled,-1.0339503265512888,-1.2461045579675007
qaf,-0.48540449611808445,-1.6958763390161466
ginza,-0.1841341442600088,-3.0344570693376145
flitter,-1.0339503265512886,-1.2461045579675003
woolworths,0.02598367471853637,-0.7326645259439392
spinster,0.19024566919394592,-0.7860986645251792
lawrence,-0.9023758859953106,-0.099946179795165
dispersed,-0.34626807411455957,0.092013875987024
impertinence,-0.6880157304260626,-1.2112826714492773
meanings,-1.1565867714707256,-1.7750315016175744
safsa,0.8108767765408349,-0.8099786772084769
sessons,0.11321914784404735,-0.435869795597929
triumphs,-4.556551609333025,-1.1304959852285206
xinhua,-0.3196633140079253,-0.8922023391756572
stolen,-14.843065874520322,3.7662436998531703
upheld,-2.31653712369666,0.5291552513712575
colorado,-1.0339503265512886,-1.2461045579675005
brought,-5.042344247092136,1.945899016120512
palestinian,-0.9454610223119068,-2.874745329179385
ari,2.104533167468451,0.8785450570395847
mourners,-2.2158070689515785,0.9463152914714364
adversity,0.836892735979289,-0.8828059447468779
bouse,-0.5954281564865564,-0.8519390330800725
khoy,-0.567308365166687,-1.577321396671476
confessor,-0.2866389555690607,-0.6352333255497917
arranged,-1.414853302780669,-2.3675844842141003
edges,-0.11791788197567785,0.9105238669955663
ya,-7.949581345280507,-3.26629440259694
contaminate,-0.10710930153787238,-1.389498102842382
unprepared,-0.5411043014528285,-0.44375523269390393
elation,0.0955313003095328,-1.169122807807976
nonya,-1.3474559637662737,-1.5118665608195692
dawning,-0.9270282605508313,-0.13916836135775937
purcell,-0.5395557669989921,-0.6608805122524408
eyed,0.7272722734432641,-1.5498290220070048
crest,-1.409535303822684,-1.244550439797028
khe,3.9534039735868873,-4.53948060401892
foul,0.4604667685164184,-4.393969761618847
character,4.720448656009208,4.287928788922204
harnessing,0.2896853686240595,-1.2365840927172236
lifeline,2.10817563634209,1.602853968973347
ife,0.5584042887218246,-2.595126332745357
hopefuls,0.7935199713768784,-0.12683488478765592
reagan,24.13686926407782,-20.886988716882566
zouk,0.778513877729169,-2.9458551789620517
reykjavik,-0.5954281564865571,-0.8519390330800733
tory,-6.4713505433216065,1.1797735467647092
thenew,-0.15336687443239244,-0.36338365706818204
nour,-0.925943903790606,-0.6403492503964443
nobel,-6.161766148236965,3.6824982123903136
languages,-4.502142453802187,-1.3244675255172564
las,1.346586425896854,-2.061087234279847
kodama,-0.5954281564865568,-0.851939033080073
joke,-3.536569590364844,1.6955280518965716
dam,-4.278496053295845,1.1961481425570761
emotions,0.8263247974467337,-1.2458308035879893
deceive,0.34954121854791226,-0.7654725031189139
vested,-0.541104301452828,-0.44375523269390277
paw,-1.4405450979027354,-0.9825281336872594
ardi,0.41806328215294924,-1.2878031306838713
ew,0.2908586434460479,-1.5310188473134438
urea,-1.7738391557713291,-2.370181010564935
fair,-8.049312178070956,15.908595124435411
handcuffs,-0.07505748132728107,-0.4918824617762098
generous,1.5430321454695122,1.3939578635116063
pastry,0.13142141351734551,-1.570733360545171
unrivalled,-0.07505748132728027,-0.49188246177620903
slower,-1.4948522851087993,-5.012663729594624
pitches,-0.06150547846616849,-1.1663938012910646
trackers,-0.9217589924263657,-1.0708703313257366
balanced,1.8191555352677065,0.9391503801318997
shutdown,-2.2947887391639754,0.5313361734706135
eviction,0.5202132840413861,0.13581959215230202
kyi,5.4624972004978485,-1.061461811279404
white,-13.466707996889253,0.7708315752287669
lyndon,-1.7173219350511926,-2.07280416146686
grapes,-0.5395557669989918,-0.6608805122524412
tecs,1.0010136275599013,-0.4448239894289261
imagine,-2.188520551462157,-1.4615355888333017
bodo,0.025983674718536597,-0.7326645259439392
prem,12.583269947855591,14.123432023323073
taken,-8.208374036839185,10.14290319163499
accepted,-1.1157439534884657,3.2445683511961994
caught,-8.639350342383189,21.599801000409002
antimini,0.19024566919394661,-0.7860986645251781
medallion,-1.044455446365828,-2.5819219983401003
tarnished,0.2844227464700074,-0.6508505035130592
gwot,0.0655675985368376,-1.7093770022288113
significance,-0.812959652670359,0.3200325224954898
anusha,0.8248038809410082,-0.9302986215968737
marijuana,-1.5112250238777565,-2.5703501645066424
nurture,2.3773068597743494,-0.8132894490229888
yian,0.19024566919394312,-0.7860986645251882
says,-160.1419467915802,-171.93413848402216
trendy,-0.4112481775961105,-0.38653569514973984
advisory,5.358992812204701,0.48031157399158514
recognises,-1.3864464996958454,-2.673166447070711
servers,-0.07015756414819906,-1.5318649598102054
q1,1.195407351564582,-1.9545059996277132
cloning,0.23848601374150963,-3.149709859944114
phoumi,-1.642181554220956,-1.6152747139274795
uganda,2.352369481791523,4.952459842137365
cater,-0.23118950099287422,-2.9727451580011874
destroyers,0.5736070472460113,-0.34506792840959183
bribery,-1.0803541720163834,-2.8479753169362243
sou,0.2844227464586959,-0.6508505035066221
faints,0.34954121854792336,-0.7654725031189242
employee,0.027897763902124444,-2.4700129638962602
ginsburg,-0.8587641839366508,-1.504395258809285
wyer,-1.4035230436321537,-1.4265553430469313
armytold,-0.4666383816949309,-1.2791134490875846
bring,-10.519075922594025,11.626961611509987
torches,0.4422669467962015,-1.020146499965511
astrologer,-0.6880157302581917,-1.2112826713736646
goldwyn,0.3491510835996394,-0.8675437946725308
artifacts,0.2896853686240592,-1.2365840927172234
bock,-0.4854044961180848,-1.6958763390161473
oiling,0.0655675985390049,-1.709377002227499
buma,-0.15336687443239178,-0.3633836570681819
andrews,-0.10716941878726285,-1.3895353172075007
sportsmen,-1.572035678328446,-2.2161061891531766
heterosexuals,-0.7079157662778031,-1.6639756713248768
interrogation,-0.28663895556906127,-0.635233325549793
bay,-4.856531772166052,-3.272181379130654
duty,-15.14216505524114,4.166172706060225
totem,-1.34035159678409,-0.726999436932236
hitters,-0.4112481775961106,-0.3865356951497395
stopovers,0.2844227464700069,-0.6508505035130594
crop,2.6657947157597146,-0.1255534499526254
adjust,-1.0777568533068667,-1.9002026482050742
offered,-5.129755989641108,3.4546705269904576
justified,-0.02247698224857686,-2.7186236552870264
laura,0.3491510835996394,-0.867543794672531
swissair,-0.7868752357491076,-2.408839322261378
highways,-3.042447736093804,-0.9434839391100707
muhyiddin,0.6534853242271745,-3.0212865311573576
connie,-1.397985636980318,-1.3923904626141885
sabang,-0.46663838169492966,-1.2791134490875828
thesis,-0.767481324257248,-0.06200613783752653
yaobang,-0.7079157662778025,-1.663975671324876
cosmeticians,0.09553130030953341,-1.1691228078079763
byrne,-4.4011551546556,-4.674868802103583
increased,-3.5481444718447532,2.2883110964283877
ditch,-3.332501526666123,0.7622617691584036
variant,-0.07015756430834051,-1.5318649594101168
tested,0.31405966728046913,1.9606278345373682
tangle,-1.585834339818572,0.08507072591775838
maturity,-0.5673083651666875,-1.5773213966714743
le,-1.6582474118974933,0.3429694910947833
singaporp,-0.06475070176607092,-1.7719043337664087
tare,-0.08989224817335074,-2.1580984781093493
ill,-9.998523522131231,27.891596082660996
beap,-0.5673083651666866,-1.5773213966714772
mazita,-0.6880157304260612,-1.2112826714492757
notions,-0.2281377319715717,-1.6320119689502497
elegant,0.10610495181995576,0.9038028035768552
isabel,-0.7719090554823053,-4.442611544229501
humorous,0.1132191478440472,-0.4358697955979292
kinds,-1.7388752796432279,-0.9224647904010868
forpedo,-0.7459716197868236,-0.5295059311006742
made,-4.524157677008116,32.717109114859184
tes,-1.8463687065655732,-0.2504648448788068
departmental,0.3106068073779411,-1.4407067072113415
siang,2.0478082526513766,0.3134350943056482
lazy,0.5703076268172262,1.5700829486022672
constantine,-0.4666383816949284,-1.279113449087582
payee,-0.10636621403587496,-1.6259999432391412
alec,0.3144654995045963,0.8391124164348616
tenant,-0.22244546154939518,-2.1943493856185254
dodger,0.11927855561707564,0.6288511404955984
deepens,-2.313004066385348,0.24130884953446752
barker,0.13028171933445154,3.6092074992010614
expat,-1.874370744766003,2.8834974021746365
conference,-9.858162563318375,4.157194487343569
singaporeans,5.255600463969065,11.806985313678052
wages,-9.746563960651889,4.669624728196195
botanic,-2.8314108944774317,-1.4931848043666978
dunlops,-0.9259439037906058,-0.6403492503964443
sequels,-0.2841925679846415,-0.4011391959324468
ana,-1.5576284933081737,-2.846626241243177
manmade,-0.3196633140079254,-0.8922023391756573
talented,1.2826651496855583,0.41764873154656806
camphor,-0.46663838169492977,-1.2791134490875835
switches,1.200339943293818,-2.840299623226264
presley,-0.4012785908673301,-2.1745191044597556
minimal,-0.22811488639356484,-1.6319914900878538
masterminded,0.3572592475809105,-1.3780752772474958
tolls,-1.4595058511799892,-2.3285212321218274
toy,-2.6158780663600023,3.2451236844165807
tobacco,-3.9852452744384452,-0.42211543472094026
baa,-0.5954281564865561,-0.8519390330800717
feed,-1.5301932789714747,1.7608544888640119
twotanker,-0.5673083651666868,-1.577321396671476
listed,-0.7304205924617856,1.4664326689692064
disrupted,-0.2682279783769942,-2.2065864955881045
outsidz,0.34954121855387255,-0.7654725031246311
forasa,0.02598367471853531,-0.7326645259439385
budget,27.86620350783108,31.84883111241617
exhausts,-0.41124817759611093,-0.386535695149738
perez,-0.485404496118083,-1.695876339016148
warships,-4.307996220340359,7.73767971451389
nationals,1.343680171145658,0.01280752224986386
bumboats,-0.6351354668759334,-1.0362262304184442
zeta,-0.2866389555690614,-0.6352333255497922
cabmen,-0.5673083651666873,-1.5773213966714759
maribel,0.28442274645869275,-0.6508505035066195
carthyism,-0.364760324750765,-1.455399439110191
javanese,-1.2469724733202918,-1.6831712825444565
wamt,0.09553130030953387,-1.1691228078079763
golding,-0.6351354668759461,-1.0362262304184455
natty,-0.925943903790606,-0.6403492503964449
remnants,-0.715281063755033,-0.04576747250975553
walker,0.7682406006773346,3.235201679278119
undercover,-0.438512632246936,-2.22469465068142
nostalgic,-0.27462718668825004,0.6753364847323828
blinded,-2.2693152912181556,-1.9683244371113855
chapman,0.11321914784404717,-0.4358697955979293
chandler,0.096528343109956,-2.7391164412790077
advertised,0.33031092445607463,-1.0440730965206877
turnback,-0.9259439037906065,-0.6403492503964449
literary,-0.10419789780690215,1.6837208252016838
thread,0.2896853686240591,-1.2365840927172231
lung,-4.1355465776653935,0.4607029677780664
bandung,0.8454001697346719,1.0551534036828263
visitors,8.629563487340766,-1.157460903766199
singham,-0.6035150846824532,-0.6054210241965376
chariots,-0.9866993709594806,-1.9861433066565735
fix,-5.358579612216376,3.1248997156184566
broadens,-0.48540449611808406,-1.6958763390161473
shilling,-0.9259439037906052,-0.6403492503964439
qcs,1.3945954073518503,-2.416108987978482
asian,-36.37111187295901,-1.421342010133037
skills,-11.780484447343113,8.679188700026863
sepak,-1.3110132797686358,-0.47877696508879525
splits,0.8743003494353759,0.2127146485197561
demo,-22.62752357899366,-1.0511561006176342
lye,-0.9217589924263659,-1.0708703313257375
mane,0.3491510835996388,-0.8675437946725303
kukrit,-4.175942737697961,-10.135816669203962
thaarup,-0.925943903790607,-0.6403492503964461
unbound,-0.25022811446033705,-1.7847992756344186
marxistled,-0.745971619786824,-0.5295059311006741
wantiim,-0.36476032475076603,-1.4553994391101925
diego,2.3907994254029252,-1.0717992486546486
goddesses,-0.635135466875936,-1.0362262304184442
mitigation,-0.06475070176588153,-1.7719043337663494
chettiar,-1.915356443009686,-1.7359797077293173
created,5.415962633815789,-1.0809473530699905
monda,-0.6880157302583295,-1.2112826713737261
misty,0.09553130030953341,-1.1691228078079747
merapi,-1.3556213780313018,-0.5973828443863237
edgewise,-0.5395557669989914,-0.6608805122524408
welles,-0.36476032475076803,-1.455399439110195
scorned,-0.7079157662778031,-1.663975671324877
sweetest,-0.91717943098596,-0.9130263807394573
unwarranted,0.8285389706255614,-1.1171762217258083
lovell,-1.3864993186739776,-0.6344998641940962
ite,0.6001731238335988,-2.2074211650822804
vole,-1.0339503265512888,-1.2461045579675005
assembly,5.435651279946247,-0.13285109723347652
polluters,0.21989091347033685,-1.5771497920891382
rifles,-2.116468840726471,0.15053639820851997
kuriles,-1.3062473409430944,-0.6031326210189881
ness,-0.5372871151449978,0.38424394638721937
panam,-0.36476032475076786,-1.4553994391101952
humanity,-0.003687496377397477,-2.4315773344390967
macao,-4.074391555859962,-0.025406728707408774
rule,-26.82138652670546,0.36086816046810705
wellington,0.29085864240654535,-1.5310188491125558
originals,-0.9047022257160643,-2.0567404982178905
humiliating,0.48792370064181934,-1.854398520936741
rude,-2.5863646975716814,0.7617868461602467
kavadi,-0.5954281564865562,-0.8519390330800727
baseless,0.2644036736598894,1.2694682472495111
sumatran,-1.0120125682391798,-3.4413540747770575
prays,-1.6378620328270341,-0.5173705038354673
blooms,-0.49258100540873745,0.656034894442821
transparency,0.41806328215294863,-1.2878031306838695
drenching,-0.7950085825248642,-1.3808369087655512
butterflies,0.7350425627521994,0.655206725886388
alsatians,-0.9217589924263654,-1.0708703313257364
becker,-0.48540449611808406,-1.695876339016147
premier,-29.135065827824953,34.87702853672315
genting,1.9804326414116193,1.9370231480058429
unsmiling,-1.4498054612292306,-0.15261477073583313
hit,-10.562125275748633,79.09500880299207
delicate,-0.9614357977106786,-1.983455192360273
finish,-0.12371428782174815,4.205337050830674
viewed,-0.319663314007925,-0.8922023391756567
slowest,0.734098221695221,-0.04822969659633496
pcs,1.0011583470215366,2.9885092146847447
detention,-5.982407148820849,1.4940375640998023
chinchilla,-1.0339503265512884,-1.2461045579674994
reviewing,1.6851505734270726,-0.22492640311624584
enjoyed,-0.7157537760171384,0.3173100480319733
lotteryjohore,-1.0339503265512888,-1.2461045579675005
weiahina,-0.22811538418894223,-1.6319911785816617
keeping,-9.678882364480815,-1.7361421801711
regatta,-0.5511296321522506,0.3916572400986516
backing,-10.748562109245894,4.663712074508773
clients,2.9887381710430825,-1.9070408558353513
wham,-1.4646560443671561,-1.0432600154151028
teasers,0.3491510835996396,-0.8675437946725303
javastations,0.3303109483683828,-1.0440731128680492
headlight,0.09553130030953387,-1.1691228078079725
sharon,3.09777652954783,1.2709627893646234
abuser,1.2260317622106554,-2.299158111557984
triumphant,-2.428009182045825,-1.4650188928033636
dismissal,-1.7430868699119506,-0.9000888714848887
cigs,-2.8273702303425234,-0.6408280656585477
kinder,0.41806328215294725,-1.2878031306838715
willi,-0.07505748132728057,-0.4918824617762094
able,-3.2343805720767262,0.17611940057495484
printers,0.380840157827822,-0.13167298030607202
booking,-2.2490441913376666,-2.9231120016134335
maniac9,0.19024566919394237,-0.7860986645251886
awa,-0.5954281564865572,-0.8519390330800726
epcot,0.28968536862405864,-1.2365840927172245
tungku,-0.11939439306007094,-0.9803313994425217
lounging,0.13142141351656095,-1.5707333605452107
negative,-0.26056707615306546,-3.9845784880713966
jacks,0.20119483981945213,-0.04609508488617974
saaa,-0.2588492075118793,0.015161947430080026
t00,-1.1186881607751853,-3.9717998625396267
drastic,-3.2734474280536623,1.8533829543769913
sentosas,-0.39851655573486067,-1.8231805488440054
invasion,-4.481886083182938,7.230989034516204
designers,-0.7171838337389667,-2.4475047487787416
mastermind,1.93573760970933,-0.3200773289929352
leaves,-32.06766264775747,18.766621983105132
jaws,-1.1377927608960041,0.9525264058030181
ompani,-0.17935074413709898,-1.7446889657695248
forget,-4.351608722237036,5.193959864842743
shield,-2.798682771480019,-0.44391148403607206
ideology,-1.1549009129727097,-5.687087246620468
dredge,-0.15336687443244923,-0.3633836570682551
architects,-4.015999427521301,-3.410197466871383
lidiya,-1.0339503265512886,-1.2461045579674996
biomed,0.27131937180018245,-2.080202831718145
cancel,1.2725408568310626,2.071715873339995
unpopula,-0.635135466876165,-1.0362262304184398
colon,0.45962536981736846,-1.9587169152307295
dingle,-0.07505748132728066,-0.4918824617762096
comoro,0.09553130030953326,-1.1691228078079774
abandon,1.3880926745675033,1.6718169951983612
urumqi,0.4180632821529488,-1.2878031306838702
junk,-3.647471490612663,-1.2812852378568764
absolute,-1.9300196877673443,-0.48991248355335587
thorneycroft,-2.2387174281218187,-3.238163806302444
uno,-0.07335336192506425,-3.0022364753915025
changes,0.869901931415505,31.644695943445896
orchestral,0.0008679208527678973,0.03344233412216793
subsidised,1.3586135352140427,-2.7151306988681236
ghafar,6.046366145934148,2.630475470825994
scouring,0.4236946173998994,-1.1488624740707791
knot,0.6923442578901878,-1.6770422081258456
dani,-0.15336687443239153,-0.3633836570681815
glenn,-0.14420449754021103,6.285949501619647
alliance,-49.40128764078742,47.48056617932864
chelva,0.09553130030953416,-1.1691228078079752
pall,-1.7173193871314256,-2.072807768498695
mph,-3.4155422685433905,0.28345052200495413
rewrites,0.18856639079028994,-1.0275838541360618
braving,-0.485404496118084,-1.6958763390161464
authoritative,0.11321914784404717,-0.4358697955979293
goodyear,-0.9259439037906054,-0.6403492503964437
extradition,2.156462866998771,0.07848931304535514
stricter,2.9559878086773237,2.06168978315073
iq,2.013212512970437,-1.451260225876726
refining,0.19113794884094887,-2.0630035860754825
cavendish,-0.31966331400792547,-0.8922023391756565
literature,-4.681277441701854,3.238294663101994
feeble,-0.9171794309859594,-0.9130263807394567
falangists,-0.28663895556906077,-0.6352333255497915
arena,1.077593591036522,-1.5180307837025682
engineer,-0.16324785573977452,5.6840103717472505
pung,-2.4520283290859557,-1.030286781725271
gander,-0.41124817759611076,-0.38653569514973934
salehiah,-0.14596355160664667,-2.742142171685238
eyeball,1.323991301425428,-1.737003136902657
yenaf,1.169379702013058,-0.0675867272025582
havelock,-0.6199543084538672,0.020333502642882556
escapee,-2.097119746553063,-1.8379496890468532
lius,-0.3196633140079254,-0.8922023391756573
hew,-2.2202082291480116,-0.6546615813178218
cabarets,-1.033950326551289,-1.2461045579675005
dear,0.5141876001958067,6.685271013689018
seni,-2.2855015020854634,-7.387213097575084
rudeness,0.1183083858672016,-1.4124414788317916
dipertua,-0.5673083651666881,-1.577321396671476
bute,-0.5395557669989915,-0.6608805122524408
streaker,0.3491510835996393,-0.8675437946725314
giggs,0.21289542643054635,-2.1079658208040604
physics,-0.6334385869256233,0.35820748127381347
recital,0.6287951528951572,0.048875039001872005
chose,-2.303878312821356,-0.2136799480411815
premier9,-0.6880157302583545,-1.2112826713737372
means,2.8964967159938526,6.093552124645022
kotelawala,0.9150461587413358,1.4444265876281293
nn,-0.5573500497325231,0.35761825565688954
soup,-2.365168352784009,0.7189651312187171
bette,-0.7079157662778023,-1.6639756713248763
exponent,-1.4100155500080156,-1.1056293780354924
pu,-1.4489977236993055,-1.2410575841034692
muda,-0.9209869376313182,1.6461258912079564
indiscidlined,0.34915108359963976,-0.867543794672531
fatties,-0.015386854942315452,0.04042722122470583
veneer,2.8001022799532977,1.0831992421956673
carpels,-0.7459716197868235,-0.529505931100673
sleeve,1.3389592137133584,-0.524832618615781
kidnapped,-14.23638257750039,8.919375548061078
sequins,-0.6351354668759355,-1.036226230418445
cortinas,-0.5954281564865562,-0.8519390330800727
jap,-9.662336928665782,-0.6324152495330239
onus,-0.4854044961180819,-1.6958763390161455
racers,-1.033950326551289,-1.2461045579675005
tl,1.1579737845830378,-0.9653037379526329
uncles,-1.4047586538736692,-0.9079563645879739
expeditions,-0.4854044961180819,-1.6958763390161455
helpline,0.13142141351792339,-1.570733360545258
svetlana,-1.7327032809897793,-5.626548654063695
sowing,0.6945138722906017,-1.6130384894113219
piper,0.148343267354769,0.005766645544754882
ganga,-0.17935074412835783,-1.7446889657757816
scotts,-1.571533521591453,-3.951055158443655
like,-6.482578248535858,-5.580074587175139
presses,0.40413018398869205,0.5293100039518674
robust,-0.7274732543640886,-3.1936137587965723
siam,0.9505255257881194,13.010744954085645
dukakis,-0.11595008170034476,-3.768012574549468
cabinet,-39.047127166619575,13.367130563255937
jilted,1.4076727778651328,0.639591427965144
tombs,-0.31966872640870225,-2.2341028769421993
philippines,3.898416324125165,7.992821295743349
alma,1.3583901159543135,-0.6133222336530489
evict,-0.7936532033474863,-0.06493174329528828
thesaf,-0.1091166989377618,-1.6485090597593843
liberalise,0.2908586424065413,-1.531018849112564
bevan,3.765510941075062,3.144269954749516
barnard,1.2017221075926596,2.1610668065236442
vetted,-0.4666383816949312,-1.2791134490875864
vip,1.3117996370164167,5.820687732590366
tenacity,-0.061505478466166524,-1.166393801291058
obligation,-0.6653505157684321,-2.1219478536704948
ps,0.5569776988762367,-0.3004097845833912
khan,-2.8224568427449186,2.0771297122479657
zhaojun,0.11321914784404777,-0.4358697955979293
sept1,0.11830839076813233,-1.4124414778776184
guthrie,0.1566272344369105,0.33121463268162843
choos,-0.48540449611808156,-1.695876339016145
handwork,-0.4854044961180828,-1.6958763390161462
avenger,-0.5411043014528288,-0.44375523269390305
xlty,-0.917179430985959,-0.9130263807394557
drone,0.1132191478440474,-0.43586979559792893
mrtfrks,-0.5395557669989912,-0.6608805122524406
reaction,3.03578767476685,1.5651275533139062
linguaphone,0.2844227464700073,-0.6508505035130597
idiomatic,-0.41124817759611093,-0.38653569514973896
whispering,-0.6916366863858283,-0.01860621897972575
remarry,-0.15336687443239405,-0.36338365706818443
infringe,-0.2866389555690602,-0.6352333255497925
biafra,-1.04807763672037,-0.19780506039390464
little,0.6495863929055586,17.123380550617295
lau,0.4453423578394327,-2.8103199481577543
rumours,-7.2428454473582695,11.059790951887612
indemnity,-0.6880157302582407,-1.2112826713736862
kr,-0.9259439037906054,-0.6403492503964443
snobs,2.5852468466983867,-3.2074675618717605
paternity,0.33025296937615567,-1.9674970933012872
sublet,0.11830839076621792,-1.412441477877987
doh,0.7352787285471571,-2.4359465373505786
people,-10.863057877097429,49.51867477973571
condominiums,0.39771327172131066,-2.000666500647329
doubt,-3.0269277521056197,-0.8110614557722851
olympian,-0.22246619695514777,-2.194350613753324
skilled,2.363693649380398,1.1011328225527985
gauge,1.9353754913629537,-2.1090211034349764
souvanna,-1.4413956930299174,-1.9430688600585886
roofing,-0.6351354668759349,-1.0362262304184444
expense,0.8003814566893324,-1.0920580403159583
ira,-9.346848341953041,-5.196972656193176
longef,0.18861878478432406,-1.0276278884104908
antara,-2.8563975861200155,0.3587008913428129
shortened,0.21989091347029247,-1.5771497920894575
salazar,0.190245669193946,-0.7860986645251791
championship,-1.6704594909967017,-0.725633546091472
multiple,-0.07317734854695189,-2.756910184566207
landmines,-0.5954281564865558,-0.8519390330800726
usher,-0.9280906047377897,-0.1398665435830749
kuomintang,-1.8374421595899626,1.0450986443283368
spurs,0.18563295774270983,-4.609233640393723
chavacters,-0.5228431163161886,0.04503313399359129
fleeces,-0.06150547846615243,-1.1663938012910238
airports,3.9234648468829194,-1.6937708346246734
gasmen,-2.5695696137460318,-2.6492308657594825
shenton,0.5020868537304143,1.202410643136969
usia,-0.5411043014528282,-0.4437552326939019
original,0.27166952337267725,-2.8950537750162333
humgn,-0.9171794309859583,-0.9130263807394556
forgotten,1.5601932994959071,-0.5774983987377856
orient,0.40235141579110634,0.2159911576870838
lamb,-1.899815508572087,-1.644125652937035
pious,-0.8663760650717894,-2.024560599706481
commentary,-0.6880157302582594,-1.211282671373695
sluggish,0.5070173173231401,-0.25204071449968324
timeless,0.25930652750908095,0.3048031607658206
gandhi,-3.798932918681774,-3.8554224024819836
attuned,-0.06150547846609682,-1.166393801290887
rok,-0.7079157662778031,-1.663975671324876
formidable,-0.06475070174332961,-1.7719043337592102
cyclone,-5.0205737132695365,-2.2386947261049324
bathers,-0.9217589924263647,-1.070870331325735
reprimanded,0.6104029024411084,-0.3674434084778783
moe,2.2561430078058584,-3.8526773596056736
elske,-0.9259439037906058,-0.6403492503964443
poqo,1.389121691849854,-0.7404026094367369
healey,1.7480048056605557,6.380090156848734
alf,0.6249844454607938,-0.4548175961729472
curare,0.3495412185479243,-0.7654725031189241
presides,-0.5411043014528282,-0.44375523269390216
proposal,5.657585693959143,16.672430150609795
bleed,0.44226694679620193,-1.0201464999655103
standardisation,-0.85876418393665,-1.5043952588092835
thanin,-1.7600177426649901,-5.498057945039792
battery,-2.2599133459806984,-1.3999645786089925
surveyors,-0.9259439037906049,-0.6403492503964435
crawling,-0.07505748132728095,-0.4918824617762096
machinery,-0.23253222388651532,1.3452554611835132
hangeo,-0.6035150844431983,-0.6054210238321601
hope,-18.4459914427973,21.680227807789475
flypast,-0.07505748132728095,-0.4918824617762096
starvation,-1.8562029132780975,0.1564384831278676
picked,-9.750875155516848,-0.17851530425430817
ice,-3.756048741279239,4.332500292795003
pronounce,-0.3196633140079223,-0.8922023391756548
siti,-1.0387857130182787,-1.9033784021391473
proxy,-2.243649386399947,-0.7436464070751343
gills,-0.7950085825285864,-1.3808369087624197
resale,2.768622433405524,-5.840738627324968
selection,-0.5898107149951765,0.6600457965171389
trend,0.4789482392456109,3.0858725314202613
triang,-1.4063735186938737,-1.382565862967485
poster,-1.1527056717733222,1.7386182559674443
defector,0.24953795345300903,0.5902007564578812
minder,0.4440987915801997,-1.9664867775369133
ingredient,-0.31966331400792175,-0.8922023391756548
vatican,-4.832614727451061,-0.45099380754493157
maserati,0.3303109850746782,-1.044073147592588
volvos,-0.4112481775961116,-0.38653569514973835
truant,-0.398516555734859,-1.8231805488440052
greeted,-1.6776612272815168,-2.071606128530043
centuries,-0.2772901672511237,-1.1717481183663019
moment9,-0.567308365166687,-1.5773213966714745
vitality,-0.635135466876118,-1.0362262304184422
crooner,-0.9259439037906054,-0.6403492503964444
anna,2.41027289171321,-0.03147641649635908
order,-31.2845521048232,27.717518651716905
thomson,0.7990551615296281,1.6643160078751873
volcano,-1.655451982349578,3.130229950592639
cockerel,-0.5395557669989908,-0.66088051225244
gadgetry,-0.4666383816949305,-1.2791134490875846
rogue,-1.0698801704906808,-3.5916175631427505
overhaul,2.8747136933374935,2.097973397999208
acronym,0.31060730668607367,-1.4407066888957896
talks,-268.42129122450166,0.4973552911535434
jaywalker,0.09553130030953265,-1.169122807807976
abbott,0.34915108359963765,-0.8675437946725295
crushing,-0.7459716197868247,-0.529505931100675
joget,-2.1036418668147734,-0.2367905107348106
siddiq,0.7541721876623678,0.3434145860138643
brunt,0.13142141351655928,-1.5707333605452105
wattie,-0.8587641839366507,-1.5043952588092844
consequences,-1.5756403532330492,0.6843355185331091
teaching,4.427681494675724,5.3273949109456495
taal,-1.8699844975500417,0.1584807688973776
datin,-2.693520949637569,-0.8791614038022274
chambers,2.3392824989065253,0.07872316908289513
seduction,-1.5365755572189954,-1.8299540944981518
amend,1.818042671559941,0.9057286525988504
resting,-1.9808386908603042,-1.4210446278793158
baking,-1.7612008632192298,-1.0450670700277138
pilots,-14.299166710751097,14.887047139544125
downin,0.3495412185538585,-0.7654725031246178
deborah,0.34954121854809767,-0.7654725031190909
movies,4.41850180588562,-0.2634429776958181
beecham,-0.28419256798464143,-0.4011391959324469
implement,1.5775272334903285,0.409910836905729
misunderstanding,0.8294394395755341,-0.846653831383993
rampant,1.8547930963526118,-1.7636037180834256
outplacement,0.349753558579991,-2.0127580060573833
raping,0.0259836747185369,-0.7326645259439387
fried,0.9814165394722627,-0.358141514597951
trap,-6.893465269751005,11.738705556936086
alibi,-0.5673083651666873,-1.577321396671475
gnawing,-0.22811490098259077,-1.6319915615143636
scans,-1.048205688985488,-1.9354029243301811
sneaks,-0.3595009127199854,-2.1870686440130758
keeble,-0.11727105342005927,-0.9787519288111822
lioness,-0.5497664627067173,0.4089738776169673
buenos,-0.5784949721403617,0.0016315185136638686
parry,0.025983674718536673,-0.7326645259439387
milesimo,-0.7459716197868242,-0.529505931100674
highway,-0.5788085679458529,8.984485032773435
oficebox,-0.5395557669989915,-0.6608805122524404
hilton,3.338466536202709,0.8349499039201871
dfigital,0.06556759853836187,-1.7093770022278896
backlog,0.1132191478440472,-0.4358697955979292
sextuplets,-2.186588895588537,-2.5161959646097722
aign,-0.8587641839366511,-1.5043952588092855
rows,-1.8380360210848243,0.7803357427215222
lieut,-0.9217589924263654,-1.070870331325736
rehiring,0.423694617057387,-1.148862473996114
cranes,0.2896853686240597,-1.2365840927172231
chits,0.7392979404185634,-0.6202346447701995
repairs,1.2327716401135997,-0.31259943150107095
personnel,3.001960143676822,-2.153753544185276
suits,-1.880058897971304,1.733752334461029
pmh,0.11321914784404713,-0.43586979559792893
inference,0.190245669193946,-0.7860986645251791
biomedical,0.3487653683287597,-2.3602702690505164
hindraf,0.13142141351656095,-1.5707333605452094
abc,0.12294750624209254,0.35151930340284776
cine,-0.07752118244890144,0.048774424594152085
thriving,-2.099457975562984,0.12334826817484557
icc,-0.856278534004324,-0.06001456096293732
chson,-0.7079157662778023,-1.6639756713248754
ottawa,2.57416134646527,-1.330579301691928
markers,0.8491595430624164,-1.2894161998460345
straitjacket,0.06556759853676215,-1.7093770022288586
ibsen,-0.9171794309859594,-0.9130263807394564
bugner,1.4301352351227394,-1.1963984294361991
adair,-0.7459716197868226,-0.5295059311006717
cinemas,-2.004540770378384,3.0951257053761676
tod,-0.46663838169493016,-1.2791134490875846
dic,-0.925943903790607,-0.6403492503964451
stints,-0.43595062766499126,0.37889281780019085
pails,-0.28663895556906144,-0.6352333255497925
nipped,0.11203805601915906,0.32492074805180216
hansen,-0.3196633140079204,-0.892202339175653
takeovers,1.210659310402873,-0.29115566347498506
speedboat,-0.4854044961180848,-1.6958763390161473
statehood,-0.3985165557348578,-1.8231805488440054
sought,-4.8850502384888275,12.992293114483141
now.,2762.1525449622377,-0.26521659027400124
sugars,0.8722082536012352,0.5572016358782569
tadman,-0.9217589924263666,-1.0708703313257382
urges,-23.346381542374885,1.0396595451692143
tribulations,-0.9259439037906058,-0.6403492503964443
tarling,3.666958748317168,12.399022843230474
malavans,-0.9217589924263663,-1.070870331325738
curtains,0.8484653947098552,-0.19193575694947274
fared,-1.2777189427050109,1.516212457932974
rack,0.7242488318104924,-2.48903688532356
employers,2.907470754955078,6.74519748168496
contradiction,-0.8587641839366512,-1.5043952588092853
yorkers,0.19024566919394442,-0.7860986645251881
medicine,2.3512641291634266,4.747343943182659
raps,1.3348392344080038,-0.0014751873454650144
ris,2.5557694782261535,-0.2183895108566145
enlai,-0.4854044961180824,-1.6958763390161473
regencies,-0.061505478466155006,-1.1663938012910307
blazes,0.5008436967698097,0.11984140997519992
kungfu,0.0008678720849497615,0.03344235042260685
misfit,-0.6351354668760836,-1.0362262304184422
poindexter,-0.28419256798464154,-0.4011391959324468
faith,-9.064697505800519,0.925385493061829
policeman,-3.735618253367704,6.448722298951776
chords,-0.9171794309859591,-0.9130263807394567
afraid,-3.9114075524659113,-2.356168321656568
ellery,-0.3647603247507641,-1.4553994391101897
gila,-0.2502342403244461,-1.7847949477440885
diabetic,-0.10636653761495724,-1.6259929708878116
perks,5.559199170577513,2.7076874783936646
sma,0.8241684227882812,1.4642334354750253
smugness,-0.0012021229820412306,-1.653826275581006
prof,0.7840060338833666,-5.0383993883648746
clamps,0.7318255209216148,-0.031404112284268204
wake,5.355893480805627,-1.3678665760587982
forbidden,-1.6255831717737008,-1.666169503675664
ambrosia,-0.39851655573485717,-1.8231805488440043
pengendali,0.44226694679620115,-1.0201464999655103
fujian,0.45661406615857697,-1.8352447759972017
ih,-0.3647603247507666,-1.4553994391101943
zonephone,-0.10634396868638295,-1.6249740102354568
amphetamines,-0.10715070624455104,-1.3895237764677746
normal,-8.643468005856839,11.213652642966519
ruling,-11.297866592036318,-0.1673626153871419
refurbished,-0.7079157662778028,-1.6639756713248761
noc,2.401497466905039,5.352683838089766
ciolises,-0.06150547846616485,-1.1663938012910553
westwood,0.4180632821529494,-1.2878031306838695
cripple,-3.614508294200078,-0.6543386866889958
grew,2.8087539714511895,-3.4470976337283448
official,-6.120256355808404,21.006701539761732
paperback,-0.4854044961180855,-1.6958763390161502
morning,-2.5441950639097555,8.956442604378607
morphine,-2.276213591116692,-1.163326214234695
refuges,-0.5673083651666867,-1.5773213966714745
hoff,-0.6880157304259216,-1.211282671449211
cromer,-0.07505748132728077,-0.4918824617762101
subpoena,0.8143024494484696,-0.7682844351234513
dayaks,-0.8775217924876813,-4.158532809580192
turkey,-6.338215241922229,3.2249008670696147
endorse,-2.0061903930997227,1.9751575601538138
towed,-3.3555707197210283,-1.2690307475116178
fish,-1.8876693428488733,10.457237876391558
rioting,-3.236766124103282,2.19198702936036
wiping,0.4180632821529482,-1.2878031306838702
drift,-0.5954281564865569,-0.8519390330800737
take,15.362948398685958,77.35570434446167
patrols,0.8359573710615972,8.488028597429158
point,-12.867090159346851,23.477830693911688
bis,0.3491510835996388,-0.8675437946725303
hatoyama,1.60958410020694,-1.3323222536673909
welcomed,-0.696499738418282,-4.908405424064122
hurtles,-0.9064058918441567,-2.3765534353948845
exist,-1.3795216177802219,-0.06457744874681284
tonie,-0.25023424032419866,-1.7847949477442628
fault,1.6395581024855552,3.187614743408467
eastreco,0.1132191478440472,-0.4358697955979292
beritas,-0.28663895556906166,-0.635233325549793
heather,-0.6351354668759281,-1.0362262304184438
hack,-1.8288709471305848,-0.24894003944447737
nyerere,1.389066117846716,-0.7401092577571216
wooing,0.8979169662889884,-2.222452424832749
treating,1.3895270520799916,-1.4107065670950885
vibrant,-1.2512410119606232,-4.483265099515428
newsweek,-0.7459716197868228,-0.5295059311006731
matchmaker,-1.9886190080511632,-1.0964341853302275
mature,-0.5312334212210924,1.5203525840259997
appeasement,0.025983674718536826,-0.7326645259439387
admired,-0.25828290700124057,0.026983583592985434
jega,-1.2566176291970963,7.443733939405572
schoolgirls,-2.0312395687980027,-1.96766308100805
secession,-0.1533668744323934,-0.36338365706818415
sadistic,-1.295931192258803,-0.48796254488408675
praise,-8.050455787323614,3.0818132992092395
signed,-0.7825114954460497,9.13715415031124
stabbed,-43.289459797209325,-7.765165842573359
births,-4.664400736529665,-1.8053992031390136
satisfactory,-0.194634302712688,0.9059714337267368
valiant,-5.00682344631673,-0.5933614764329002
almighty,0.24157344312484286,-0.07978636726717878
refurbish,-0.48540449611808334,-1.695876339016147
poached,0.06556759853682306,-1.7093770022288208
sembilan,0.14318907983524667,-0.038285604261961724
wizzes,-0.28419256798464143,-0.40113919593244657
upgrading,-0.0668666077849601,-17.24234879771416
assigns,0.11830839077121147,-1.4124414778770233
kides,0.4180632821529489,-1.2878031306838702
stalingrad,-0.9259439037906054,-0.640349250396445
amused,0.8058418998340132,-0.9137684741173087
borrows,-0.5673083651666873,-1.5773213966714759
trio,-5.956211816632423,0.5637655190920712
bihari,-0.11939439354373771,-0.980331399814001
bomber,-2.876312850201903,7.015359438980711
celebrate,-3.3979359908904088,2.614520384642893
caustic,-0.5395557669989914,-0.6608805122524407
oecd,1.1410806174295796,-1.390963181826894
memoranda,-0.9217589924263645,-1.0708703313257348
unmarked,-0.9171794309859587,-0.9130263807394564
scroll,-0.6351354668759351,-1.0362262304184444
gush,-1.0339503265512888,-1.2461045579674996
nationhood,0.7194354989258248,-0.6478697064540769
fingleton,-0.6880157302582388,-1.2112826713736864
redder,-0.07505748132728073,-0.4918824617762095
shores,-1.4162763704687946,-1.2534239590601932
tandem,0.28968536862405936,-1.2365840927172236
purge,-4.2389532216458905,3.0261459511851063
unexpected,0.2479606542148038,2.3058020523153546
fa,-6.4908538276158065,-2.814464981702806
goer,0.2844227464566556,-0.6508505035054605
libyan,1.83160666979049,-0.0734702569495945
victor,-1.2496395462046799,0.01683770673899859
gelled,-0.9259439037906061,-0.6403492503964451
bon,-0.9259439037906058,-0.6403492503964443
gourmet,2.1524585916953995,-1.3379179890392672
unsatisfactory,0.025983674718536066,-0.7326645259439384
blinks,-0.5411043014528284,-0.4437552326939012
subian,-0.5411043014528282,-0.44375523269390255
ransome,-0.7950085825408374,-1.380836908751721
attached,-0.7647479292047041,-2.1094738387195084
shoppers,1.8665856816348205,1.0859270921047761
david,-6.430677764905944,5.185800859113558
raze,1.6197182346638066,-0.7369812810693487
rewarding,-0.7100611006306469,1.0728597490828014
moynihan,0.19024566919394653,-0.7860986645251792
wildcat,0.11402246966427497,0.025416228702264537
lemonade,0.41806328215294863,-1.28780313068387
deferred,1.451810475324064,-0.25043064540052656
resounding,0.8246534130716802,-1.2236141546179442
rumor,-0.7459716197868239,-0.529505931100674
remand,-2.495406162890575,-0.9571274484168415
gloves,1.816262102883589,-0.7447851620018806
yokoto,-0.6880157304260589,-1.2112826714492724
yboy,-0.7950085825404861,-1.3808369087520271
forns,-0.4112481775961112,-0.38653569514973796
relocated,0.33031092157179254,-1.0440730945554746
thrice,-2.5446988953946432,0.21289879859402028
hots,-4.012119389017049,-0.42229250815480196
rotan,0.7594544527988069,-1.494264123662472
axe,-10.354357788965617,3.0275903369535118
algae,-0.9171794309859582,-0.9130263807394556
karaoke,-0.07791617183713456,-4.816686902962047
sister,-8.1582695487616,1.6712369488861871
div,-0.9171794309859583,-0.9130263807394555
chased,-1.4719740974652473,-1.9148565104782627
conventions,-1.6527689314955276,-1.5272435810439677
pier,-3.7290302386961685,-1.7089489246836282
hua,3.546466277004099,5.957939302182938
cooper,0.9580229581411668,0.9964639287839142
assault,-5.063709052775209,5.247555088054889
eighth,0.3796543974829885,-3.202424266565581
jot,-0.07505748132728057,-0.49188246177621003
hean,0.9811750720624588,-2.1985902653687726
gammell,-0.5673083651666858,-1.577321396671474
ami,1.9712963276038304,0.5291353433538604
account,-4.039044094640044,3.832248425547897
esso,-7.387570701703028,-0.35761528725318775
downloaders,0.13142141351655945,-1.5707333605452094
exceed,-0.5280566911844872,-3.81177170299339
lawsuit,-0.10532170388972337,-2.48878050028146
kiosk,-1.351715714596935,-0.04038386086629552
shanaz,0.11321914784404717,-0.43586979559792893
das,-2.563715938363864,-2.2410369041582645
glimpses,-0.06691850817891297,0.9030620946234847
